:020000040800F2
:10000000A01C00201D410008AD2C0008274100085D
:10001000AF2C0008B32C0008B72C0008000000002B
:10002000000000000000000000000000BB2C0008E1
:10003000BD2C000800000000334100088D2D000891
:1000400037410008374100083741000837410008B0
:1000500037410008374100083741000837410008A0
:100060003741000837410008374100083741000890
:100070003741000837410008374100083741000880
:100080003741000837410008374100083741000870
:10009000374100083741000837410008BF2C0008ED
:1000A0003741000837410008374100083741000850
:1000B00037410008D12C0008D92C0008374100082E
:1000C0003741000837410008374100083741000830
:1000D00037410008F52C0008FD2C0008052D00080C
:1000E0003741000837410008374100083741000810
:1000F0003741000837410008374100083741000800
:1001000037410008374100083741000837410008EF
:100110000D2D0008152D000837410008DB2C0008C4
:1001200037410008374100083741000837410008CF
:1001300037410008374100083741000837410008BF
:1001400037410008374100083741000837410008AF
:100150003741000837410008374100081D2D0008CD
:10016000374100083741000837410008374100088F
:10017000374100083741000837410008374100087F
:100180003741000837410008DFF810D00CF0FCFCC4
:1001900000480047A5010008AFF30080A01C002024
:1001A00000BFFEE701F06EFB00F00EF801E000F08A
:1001B00031F8FCE7704770477047704710B500F0A2
:1001C00051F810BD70477047002000BF1FE000EBE2
:1001D0004001234A02EB810189884FF47A7292FB35
:1001E000F1F100EB40021E4B03EB8202D18000EBE9
:1001F00040011A4602EB8101C988012905DA012173
:1002000000EB400203EB8202D180411CC8B20728F8
:10021000DDD3704770B5002400BF1EE002F0C0FDC2
:10022000054604EB44000E4901EB80008068281A63
:1002300004EB44010A4A02EB8101C98888420AD3CF
:1002400004EB4400114601EB8000856004EB44019F
:1002500052F821008047601CC4B2072CDED370BD69
:100260000000002010B5BF48B0F9480040F2A4617A
:10027000884206DDBB48B0F9480040F69801884244
:1002800003DB0BF03BFF01280ED1B748007870B9B3
:100290000120B549087001F077F80020B3490880C3
:1002A00048808880C88002E00020AF490870AD48CF
:1002B000B0F94800B0F5966F22DDAA48B0F94800C1
:1002C00040F2A46188421BDAA9480078D8B9A9484D
:1002D0000078C0B901F0D6F80020A749088148810C
:1002E0006FF0310088810020C8800120A04908708B
:1002F000A249087000209F490870A149087002E0D7
:1003000000209B4908709D480078012822D1994817
:10031000007820BB9B48C078C0B19A48C0690A28C1
:1003200014D297480078401C954908700846007818
:10033000322814DB01F028F800208C49088048801E
:100340008880C88001208B49087008E000208C4913
:10035000087004E0002087490870894908708148C6
:10036000B0F9460040F2A461884206DD7D48B0F94C
:10037000460040F69801884203DB8348007A012852
:1003800009D18248007890B9012080490870002086
:100390007F4908700BE07D480078012804D101F006
:1003A00071F8012075490870002078490870774875
:1003B000007801287AD17648007876490870744828
:1003C0000078072873D2DFE800F004131D384D5B76
:1003D0008200022000F0F4FF01206F490870002025
:1003E0006E4908806A480078401C694908709AE0A4
:1003F0000BF0A7FF00F0ACFF654909780844644999
:10040000087090E06548008840F6AC51884205DAF3
:10041000624800881430614908800DE000205F497F
:100420000880642001F00DF85949097808445849BA
:10043000087001205A49087075E05848008841F258
:100440008831884205DA55480088143053490880BD
:1004500007E00020514908804D480078401C4C4975
:10046000087060E000204F4908800BF06AFF002010
:100470004A49088046480078401C4549087052E0C7
:100480004148407AA0B9404A928891B23D4AD06929
:100490000BF080FF04463C4AB2F90630B2F9021074
:1004A000B2F9000022460BF043FE0FE03CE034E0DE
:1004B0003548407A012806D10020384908800620B6
:1004C0003349087002E06520314908702BE02E485E
:1004D000407A012813D12C4A928891B22A4AB2F963
:1004E00004000BF057FF0446274AB2F90630B2F970
:1004F0000210B2F9000022460BF01AFE0CE022486E
:10050000407A30B90020254908800520204908702C
:1005100002E065201E49087005E000F0B3FF0120ED
:100520001649087000BF1CE00BF00BFF00201849B3
:100530000870184908701148007830B900231A462D
:10054000194618460BF0F4FD08E000200A4908811E
:100550004881C8800121144880F887110020104983
:10056000087010BDB40900205C0000204E09002076
:100570005F00002060000020400900206200002091
:1005800061000020200A0020C80100205A0000203D
:100590005B00002056000020910000206400002035
:1005A000580000205400002024020020FF20F849B9
:1005B00081F84E006421F648A0F850100121A0F8FF
:1005C0005210FF20F24981F880011421F048A0F870
:1005D00082110021A0F88411FF20ED4981F820014B
:1005E0000021EB48A0F82211A0F82411FF20E849CF
:1005F00081F832010021E648A0F83411A0F8361144
:10060000FF20E34981F838010021E148A0F83A11C0
:10061000A0F83C11FF20DE4981F886010021DC486A
:10062000A0F88811A0F88A11FF20D94981F8400567
:100630000021D748A0F84215A0F84415FF20D4495E
:1006400081F84C050021D248A0F84E15A0F85015AD
:10065000704770B504460D462946204603F0C5FC98
:1006600070BDCB4A10700122C94B5A707047C84AFE
:1006700082F84C05012382F84D3570472DE9F04191
:1006800004460D4600260027E178A81F814201D0CC
:10069000BDE8F081002006E0215C3144CEB2B919FA
:1006A000CFB2411CC8B2A91E8142F5DC601910F816
:1006B000020CB04204D1601910F8010CB84200D00D
:1006C000E6E72078AA2805D16078612803D0607811
:1006D000FF2800D0DCE7A078202811D1A088AD4900
:1006E0000880E0884880208988806089C880A08947
:1006F0000881E0894881208A8881608AC881AEE0CB
:10070000A0780F280DD1207940B2A34908706079F4
:1007100040B24870A07940B28870E07940B2C870A9
:100720009DE0A07806280CD120799C49487060791A
:10073000C870A0790871E17998484171217A817176
:100740008DE0A07807280AD1002005E0211D095C72
:10075000934A1154411CC8B20628F7DB7FE0A07809
:1007600003280AD1002005E0211D095C8D4A11549F
:10077000411CC8B20728F7DB71E0A07803280AD132
:10078000002005E0211D095C874A1154411CC8B2B4
:100790000928F7DB63E0A078012860D0A078E02882
:1007A0001ED12079012806D0022805D0102804D0B7
:1007B000112804D102E003E002E001E000E000BF04
:1007C00000BF2079724981F80C06084680F80D6652
:1007D00080F80E7600F20C61AF20FFF742FF3EE09A
:1007E000A078B0B96A4890F80F062179884236D1CE
:1007F000674890F810066179884230D1644890F8D3
:100800001106A17988422AD10020614981F80006A9
:1008100025E0A078E12811D12179607901EB002051
:100820001FFA80F85A48A0F814860021C0F818165C
:1008300000F21461FF20FFF71AFF10E0A078E22811
:100840000DD12079524981F80C06084680F80D66D2
:1008500080F80E7600F20C61FF20FFF702FF00BF68
:1008600016E710B504465148007838B9AA2C05D1CE
:1008700001204E4908704E48047072E04B480078E1
:10088000012809D1612C01D0FF2C05D10220474954
:1008900008704748447064E044480078022805D155
:1008A000032042490870424884705AE03F4800786B
:1008B00003280CD1FA2C0ADA04203C4908703C4881
:1008C000C4703C48047000203B49087049E0374838
:1008D0000078042819D137480078002815DD3548FC
:1008E0000078401E3349087033480078324909784F
:1008F000491C314A1170001D2D490C542D480078B7
:1009000058BB0520294908702BE0284800780528A5
:100910000DD1062025490870274800782649097816
:10092000491C254A1170001D21490C5419E01F482B
:100930000078062812D100201C4908701E48007853
:10094000001D1B490C541C480078401D1B490870B1
:10095000084601781648FFF791FE02E0002013498F
:10096000087010BD7CB50346342B68D007DC3BB360
:100970000D2B3CD0302B47D0332B6ED151E0402B88
:100980006FD0412B7AD0E02B6AD0E22BF5D196E0E4
:10099000240200204E09002080010020A809002028
:1009A0008B000020840000205E0900207E000020D3
:1009B000400800207C0000207D0000207A000020FC
:1009C000FFE7D64890F80C460D78681C087054551F
:1009D000D24890F80D460D78681C08705455CF48E1
:1009E00090F80E460D78681C0870545596E000206B
:1009F00007E0CB4C255C0E78741C0C709555441C9C
:100A0000E0B20428F5DB89E0002007E0C54C255C56
:100A10000E78741C0C709555441CE0B21728F5DB59
:100A20007CE0002008E0BF4C193C255C0E78741C6B
:100A30000C709555441CE0B20628F4DB6EE00020F3
:100A400008E0B84CE41F255C0E78741C0C709555BA
:100A5000441CE0B20728F4DB60E05EE001E00DE05A
:100A600019E0002007E0B04C255C0E78741C0C7077
:100A70009555441CE0B21428F5DB4FE0002007E058
:100A8000AA4C255C0E78741C0C709555441CE0B281
:100A90000E28F5DB42E0A14890F801460D78681C6D
:100AA00008705455002007E0A14C255C0E78741C9A
:100AB0000C709555441CE0B20A28F5DB2EE09748EF
:100AC000B0F8140600B201909DF804400D78681C3F
:100AD000087054559DF805400D78681C08705455F1
:100AE0008E48D0F8180600909DF800400D78681CDC
:100AF000087054559DF801400D78681C08705455D5
:100B00009DF802400D78681C087054559DF803400C
:100B10000D78681C0870545500E000BF00BF7CBD14
:100B2000F8B504460F4600200090AA219DF8002049
:100B3000501CC0B200907F48815439789DF8002045
:100B4000501CC0B200907B4881549DF80010481C96
:100B5000C0B200907748445400219DF80020501CFA
:100B6000C0B2009073488154024669462046FFF7A0
:100B7000F9FE9DF80000001F6E49C8700025002690
:100B8000002007E06B49095C2944CDB27119CEB24F
:100B9000411CC8B29DF800108842F3DB9DF800109C
:100BA000481CC0B20090634845549DF80010481C92
:100BB000C0B200905F484654584890F8000640B1D3
:100BC000E02C06D1554880F80F4680F8105680F882
:100BD00011669DF800105748FFF73BFDF8BD10B5B2
:100BE000044604EB44004D4901EB4000408828B323
:100BF00004EB440001EB4000808804EB4401474AC9
:100C000002EB4101498888420CDA04EB44001146AA
:100C100001EB40008088401C04EB440102EB4101E1
:100C200088800BE0012004EB44013C4A02EB4101C7
:100C3000888004EB440102EB4101487004EB44005E
:100C4000364901EB4000407868B1002004EB4401D4
:100C5000324A02EB4101487004EB440002EB4001D0
:100C60002046FFF75DFF10BD2C4A82F840050123A6
:100C700082F841350122294B83F80026704710B5D0
:100C80002DED028BB0EE408A00F01BF83020FFF70C
:100C9000A6FF3320FFF7A3FF3420FFF7A0FF40207B
:100CA000FFF79DFF4120FFF79AFFE020FFF797FF36
:100CB000E220FFF794FF0D20FFF791FFBDEC028BC0
:100CC00010BD164890F80006012821D11A48007876
:100CD000322805DA18480078401C174908701CE0D3
:100CE00000201549087015480078401C1349087009
:100CF00008460078052804DA0121084880F84115E3
:100D00000BE000200D490870044981F8000604E05A
:100D10000020094908700949087070472402002022
:100D20008000002091090020EE09002040090020E9
:100D300026080020F00100207F0000207B0000201A
:100D400000B52DED028B85B0B0EE408AF74890F8E3
:100D5000390000287CD1F548B0F94200B0F5966F13
:100D600006DA012000F02CFB0120F149087029E08F
:100D7000EE48B0F9420040F2A461884209DA02204C
:100D800000F01EFB0220EA4908700020E9490870C3
:100D900018E0022000F014FB0220E5490870012051
:100DA000E4490870E148B0F94800B0F5966F09DDF4
:100DB000DE48B0F9480040F2A461884202DA00201F
:100DC000DC490870DA484078D949097888420BD064
:100DD000D7480078D649487008460078032803D1E0
:100DE00008468078401C8870D148807810B3D2487B
:100DF0000088B0F5FA6F10DACF48008800EE100ACC
:100E0000B8EE400ADFEDCD0A00EE880ABCEEC00A5B
:100E100010EE100AC84908800CE0C54989780329FA
:100E200001DB00F0F5FA20B10021C34A1180C04A6D
:100E3000917000BFBD48B0F93A00A0F2DC5000EE5E
:100E4000900AF8EEE00AB0EE600A9FEDBD1A00E0ED
:100E500092E0DFEDBC0A01F07BF98DED010AB348A9
:100E6000B0F93C00A0F2DC5000EE900AF8EEE00A87
:100E7000B0EE600A9FEDB21ADFEDB20A01F068F938
:100E80008DED020AA948B0F93E00A0F2DC5000EE58
:100E9000900AF8EEE00AB0EE600A9FEDAB1ADFEDC3
:100EA000A90A01F055F98DED030AA048B0F94000F8
:100EB000A0F2DC5000EE900AF8EEE00AB0EE600A14
:100EC0009FEDA11ADFED9F0A01F042F98DED040AB2
:100ED0009E48007858B19FED9B0A8DED010A9FED69
:100EE000990A8DED020A9FED970A8DED040A9DED9A
:100EF000010ADFED970A20EE200ADFED960A20EEC8
:100F0000200ABDEEC00A10EE100A00B29249088015
:100F10009DED020AB1EE400ADFED8D0A20EE200AB7
:100F2000DFED8C0A20EE200ABDEEC00A10EE100A9A
:100F300000B248807D48C08FA0F57A7000B28880EA
:100F40009DED040AB1EE400ADFED840A20EE200A8E
:100F5000DFED830A20EE200ABDEEC00A10EE100A73
:100F600000B2C88001217F4880F8871100207E49A7
:100F700008707E4908701EE07D48C07878B17A48D4
:100F8000007828B9032000F01BFA7749087006E0C2
:100F90007648007818B900F03BFA744908700020D0
:100FA0006D49088048804FF4AF7088800020C88069
:100FB00088814881088105B0BDEC028B00BD10B569
:100FC00004466C48008800EE100AB8EE400ADFEDD7
:100FD0006A0A20EE200ABDEEC00A10EE100A00B226
:100FE000664908806348408800EE100AB8EE400A5F
:100FF000DFED610A20EE200ABDEEC00A10EE100AF5
:1010000000B248805B48808800EE100AB8EE400AC3
:10101000DFED590A20EE200ABDEEC00A10EE100ADC
:1010200000B288805348C08800EE100AB8EE400A2B
:10103000DFED510A20EE200ABDEEC00A10EE100AC4
:1010400000B2C8804B48008900EE100AB8EE400A92
:10105000DFED490A20EE200ABDEEC00A10EE100AAC
:1010600000B208814348408900EE100AB8EE400AF9
:10107000DFED410A20EE200ABDEEC00A10EE100A94
:1010800000B248813B48808900EE100AB8EE400A61
:10109000DFED390A20EE200ABDEEC00A10EE100A7C
:1010A00000B288813348C08900EE100AB8EE400AC9
:1010B000DFED310A20EE200ABDEEC00A10EE100A64
:1010C00000B2C8812E48007818B901202C49087058
:1010D00027E0E4B1002017E0284931F91010002979
:1010E00001DC00210BE0254931F91010B1F57A7FC0
:1010F00002DD4FF47A7102E0204931F910101F4AE5
:1011000022F81010411CC8B20828E5DB09E00020D5
:1011100005E00021194A22F81010411CC8B2082825
:10112000F7DB164802F04FF910BD0000B4090020AB
:1011300094000020910000209800002000007A44D4
:1011400000002042000000000000A042A600002095
:101150008F360E3B00C05A4540090020C6F91B3BA4
:101160000000484324020020920000209300002049
:10117000A80900204E090020CDCCCC3D68090020F4
:101180009A00002010B501F0DDFEDFED290A20EE07
:10119000200ABCEEC00A10EE100A2649088010BDD5
:1011A00010B525480088401C23490880084600885F
:1011B0000A2190FBF1F201FB12001F49088008464A
:1011C000008810BB9FED1D0A00F026FD9FED1B0A55
:1011D000FFF7B6FD9FED190A00F02EFB9FED170AF1
:1011E00001F0F0F914484088401C13494880084633
:1011F00040880A2190FBF1F201FB12000E49488061
:101200000846408808B9FFF7BDFF02F06DFF0120D6
:1012100001F078FB9FED0A0A00F05EF89FED080AE6
:10122000FFF72DFD0120FFF7CAFE01F02CFF10BDD6
:101230000000C842800000209C0000200AD7233C08
:101240006F12833A38480078FF2804D03648007877
:10125000401C35490870354800783549097888427E
:1012600024D032480078324908703248007801288A
:1012700009D13148B0F90000304908803048B0F950
:101280000000488012E02948007A50B12748C07811
:1012900038B12648408929490880244880894880F7
:1012A00004E04FF400402549088048801F484078FA
:1012B0002449097888420ED01C484078214908709A
:1012C0004FF400401D49888001211F4880F83311E8
:1012D000002015490870704710B52DED028BB0EE57
:1012E000408AFFF7AFFF00BF1048407817490978E0
:1012F000884214D00D4840781449087000200F49E6
:1013000088744FF487710D48A0F813100748C1691D
:101310000A48C0F8151001210B4880F8391100BFA8
:10132000BDEC028B10BD0000A2000020200A0020AE
:10133000A000002091000020E80100207809002092
:10134000EA010020A100002024020020A3000020C8
:1013500010B50120A2498870A24890F8000688B90B
:101360001020A04981F8010600219E4880F802164D
:10137000012180F8031600F20161FF20FFF774FCE1
:10138000012010BD0020FCE710B5002094498870B2
:10139000944890F8000688B91020924981F8010617
:1013A0000021904880F80216022180F8031600F20E
:1013B0000161FF20FFF758FC012010BD0020FCE771
:1013C00010B5044688480078A0421FD0854890F8A0
:1013D0000006C8B98248047083480470012081491E
:1013E00081F8010601217F4880F8021680F8031673
:1013F0007B4801787B4880F8041600F20161FF20E9
:10140000FFF732FC012010BD0020FCE70120FAE7C5
:1014100010B5744890F8000688B91020714981F819
:10142000010600216F4880F80216072180F8031694
:1014300000F20161FF20FFF717FC012010BD002022
:10144000FCE701B5674890F80006C8B91020654967
:1014500081F801060021634880F80216052180F812
:1014600003169DF8001080F804169DF8011080F80E
:10147000051600F20161FF20FFF7F6FB012008BD11
:101480000020FCE710B5574890F8000688B91020F6
:10149000544981F801060021524880F802160621BD
:1014A00080F8031600F20161FF20FFF7DDFB012049
:1014B00010BD0020FCE707B54A4890F8000648BB7D
:1014C0001020484981F801060221464880F802169A
:1014D000032180F803169DF8001080F804169DF88B
:1014E000011080F805169DF8041080F806169DF886
:1014F000051080F807169DF8081080F808169DF86A
:10150000091080F8091600F20161FF20FFF7ACFB1B
:1015100001200EBD0020FCE710B5324890F800060F
:1015200088B901202F4981F8010600212D4880F853
:101530000216032180F8031600F20161FF20FFF775
:1015400093FB012010BD0020FCE710B5254890F862
:10155000000688B90120234981F8010600212148AD
:1015600080F80216042180F8031600F20161FF20C2
:10157000FFF77AFB012010BD0020FCE710B51948E9
:1015800090F8000688B90120164981F8010600216B
:10159000144880F80216052180F8031600F2016154
:1015A000FF20FFF761FB012010BD0020FCE710B514
:1015B0000C4890F8000688B901200A4981F8010614
:1015C0000021084880F80216022180F8031600F274
:1015D0000161FF20FFF748FB012010BD0020FCE760
:1015E000A809002024020020A400002010B5044611
:1015F0009848B0F94000B0F5AF6F0BDD9548B0F9F1
:101600004000B0F5C86F05DA01209349487093494E
:10161000087002E00020904948708E48B0F93E0002
:10162000B0F5966F06DA8C48407818B901208A49DF
:10163000087002E000208849087088480078012876
:101640004AD18748C078002853D18248B0F93A007F
:1016500040F26C71884210DD7E48B0F93C0040F2E7
:101660004C41884209DA7B48B0F93E00884204DAEE
:101670007848B0F94000884217DB7648B0F940005E
:1016800040F26C71884230DD7248B0F93C0040F2A3
:101690004C41884229DA6F48B0F93E00884224DA8A
:1016A0006C48B0F93A0088421FDA6E480088B0F5FD
:1016B0007A7F12DAD4ED000A6A48008800EE100A38
:1016C000B8EE400A9FED681A00EE810ABCEEC00A2F
:1016D00010EE100A6349088062E0FFF739FE00202F
:1016E000604908805D4908705AE000205D49088023
:1016F00056E05B48C078012852D15648B0F93A000C
:1017000040F26C71884210DD5248B0F93C0040F262
:101710004C41884209DA4F48B0F93E00884204DA69
:101720004C48B0F94000884217DB4A48B0F9400005
:1017300040F26C71884230DD4648B0F93C0040F21E
:101740004C41884229DA4348B0F93E00884224DA05
:101750004048B0F93A0088421FDA42480088B0F5A4
:10176000967F12DAD4ED000A3E48008800EE100A97
:10177000B8EE400A9FED3C1A00EE810ABCEEC00AAA
:1017800010EE100A374908800AE0FFF7FDFD00203F
:10179000344908803149087002E00020314908804E
:1017A00010BD10B52E48C078002844D12948B0F9A2
:1017B000400040F24C41884217DA2648B0F93C001C
:1017C000884212DA2348B0F93E0088420DDA2148F7
:1017D000B0F93A00884208DA2448007838BBFFF7AD
:1017E0009BFE01202149087025E01A48B0F940000D
:1017F00040F26C7188421BDD1648B0F93C0040F2A3
:101800004C41884214DA1348B0F93E0088420FDA9E
:101810001048B0F93A0040F26C71884208DD134874
:10182000007820B9FFF791FE01201049087002E00E
:1018300000200E49087010BD10B52DED020B0548B3
:1018400090F8390020B96846FFF7D0FEFFF7A9FFEE
:101850001CBD0000B4090020A6000020AA00002042
:10186000A8090020A800002000007A44AB00002056
:1018700010B501F0F3FD0120F94981F8380081F835
:10188000390010BD10B501F0C5FA642001F0B6FAB8
:1018900001F098FB01F024FC642001F0AFFA4FF452
:1018A000E12002F00EF8EF4802F005F9ED4802F0F1
:1018B00023FAEC4802F009FB642001F09FFAFFF7DD
:1018C000D7FF01F0EBFA642001F098FAFEF76EFE04
:1018D0004FF4487001F092FA01F0B9F801F0E8FE17
:1018E000012010BD40F6C411884203DDDE490978AD
:1018F000032903DCDC4909780A290DD10021DA4AE1
:101900001170D749B1F84E10491CD54AA2F84E10B3
:10191000012182F8501012E0B0F5967F0FDD40F6FD
:10192000B83188420BDA02B2CD49891CCE4B1B7804
:1019300021F81320CC490978491CCB4A1170704713
:1019400038B50446C9A000680090C9484068C84935
:10195000086001F028FAC6494860084640680968EE
:10196000401A40F6C411884202D90020C1490870CB
:10197000C04801780078401CBE4A1070BE484454EC
:101980001046007819287CD1182011460870BA48F2
:1019900000780F2876D1B848007E38B1B648007E6E
:1019A000B64A12781DF802108842F3D10020B149DE
:1019B0000870B1484078B049897801F0070140EAE1
:1019C0000120A7498882AC48C0788006400DAA490A
:1019D000897840EAE100A249C882A7484079C00757
:1019E000400DA549097940EA8100A349C97840EA38
:1019F000A1109B490883A04880790007400D9E49AB
:101A0000497940EA6100964948839B48C07940067D
:101A1000400D9949897940EA211091498883964877
:101A2000407A8007400D9449097A40EA4100924982
:101A3000C97940EAE1108A49C8838F48807AC00694
:101A4000400D8D49497A40EAA100854908848A48B9
:101A5000C07AC0008849897A40EA6111804841848F
:101A60008548007B8449497B01F0070140EA012059
:101A70007B4988848048807B8006400D7E49497B75
:101A800001E074E069E040EAE1007549C8847A4801
:101A9000007CC007400D7849C97B40EA8100764947
:101AA000897B40EAA1106E4908857348407C000795
:101AB000400D7149097C40EA6100694948856E48DA
:101AC000807C4006400D6C49497C40EA2110644905
:101AD00088856948007D8007400D6749C97C40EAD8
:101AE00041006549897C40EAE1105D49C88562484A
:101AF000407DC006400D6049097D40EAA10058497B
:101B000008865D48807DC0005B49497D40EA6111DF
:101B1000534841865848C07D514981F834000846F1
:101B200090F8340000F0080040B90846B0F84E00C4
:101B3000401CA1F84E00022081F850004F48007868
:101B4000401C4E4908700878C11700EB917189104C
:101B5000A0EB8101494A117009E0002005E0464AE6
:101B6000411C515C1154411CC8B21828F7DB38BD28
:101B700010B50446D4ED000A4148008800EE100A72
:101B8000B8EE400A9FED3F1A00EE810ABCEEC00A93
:101B900010EE100A3A49088008460088B0F57A7FAE
:101BA00039DD002008802E48B0F84E002C49C88648
:101BB0000846C08E052803DA012081F8380003E0CA
:101BC0000020274981F83800254890F83800C8B12E
:101BD00023480078D8B92C480078401C2A4908705E
:101BE000087800EBD0714910A0EB4101264A117032
:101BF00010460078012802D101F0B1FC07E001F0A5
:101C00002DFC04E0164890F850001549087000209B
:101C10001349A1F84E0010BD10B52DED020B68461A
:101C2000FFF7A6FF0E4890F8380000286ED10C4848
:101C3000007801280DD1002008E00949891C31F8FD
:101C40001020383121F81020411CC8B20A28F4DBDA
:101C500038E003480078022834D1002030E000004A
:101C6000B409002020A10700AC0000200414243493
:101C7000B0000020B8000020060A0020B9000020B3
:101C8000BC00002000007A44BA0000202A4931F943
:101C90001010A1F5806100EE101AF8EEC00A9FED59
:101CA000270A9FED271A01EE200ABDEEC00A10EEAA
:101CB000101A0AB22049263121F81020411CC8B25E
:101CC0000A28E3DB1C481438B0F94200B0F5966FDF
:101CD00006DD19481438B0F94200B0F5AF6F0DDBDE
:101CE00015481438B0F94200B0F5C86F0ADD124843
:101CF0001438B0F94200B0F5E16F03DA0120114960
:101D0000087011E000200F4908700DE001200D4916
:101D10000870002006E000220749263121F8102033
:101D2000411CC8B20A28F6DB06480078024914397B
:101D300081F839001CBD0000C80900200080BB44A8
:101D40002FDD243FBE000020F0EE400AF5EEC00A71
:101D5000F1EE10FA02DBB0EE600A7047B1EE600AF5
:101D6000FBE700B5B0EE403AB0EE602AB5EEC03AFF
:101D7000F1EE10FA07D1B5EEC02AF1EE10FA02D159
:101D80009FEDFC1A99E0B0EE430AFFF7DDFFF0EE9D
:101D9000403AB0EE420AFFF7D7FFF0EE402AF4EEE9
:101DA000E23AF1EE10FA02D283EEA24A01E082EEAC
:101DB000A34A9FEDF10AB4EEC04AF1EE10FA02D246
:101DC000F0EE441A2DE0DFEDED0AB6EE000A14EE57
:101DD000200AF0EE404ABDEEE40A10EE100A00EED2
:101DE000100AB8EEC00A34EEC00AF0EE404AE449E8
:101DF00001EB800191ED000AF0EE401AE04A411C2F
:101E000002EB810191ED000A114601EB8001D1ED59
:101E1000000A70EE600AB0EE610A00EEA40AF0EE6D
:101E2000401AF4EEE32AF1EE10FA20DDB5EEC02AF6
:101E3000F1EE10FA0ADBB5EEC03AF1EE10FA02DB71
:101E4000B0EE611A39E0B1EE611A36E09FEDCD1ABD
:101E5000B5EEC03AF1EE10FA04DB31EE610AB0EEF5
:101E6000401A2AE031EEC10AB0EE401A25E0B5EE84
:101E7000C03AF1EE10FA10DB9FEDC31AB5EEC02A9E
:101E8000F1EE10FA04DB31EE610AB0EE401A14E014
:101E900031EE210AB0EE401A0FE09FEDBC1AB5EE0C
:101EA000C02AF1EE10FA04DB31EE210AB0EE401A3E
:101EB00003E031EE610AB0EE401AB0EE410A00BD17
:101EC00000B5B0EE405AF0EE605AF0EE450AB0EEC2
:101ED000650AFFF746FF00BDF0EE400AF6EE001A75
:101EE00060EEA11AB0EE611AB0EE600A10EE100AB0
:101EF000A749A1EB600000EE100A21EE002AF7EEE0
:101F0000081A42EE401A61EE801AB0EE610A21EE24
:101F1000002AF7EE081A42EE401A61EE801AB0EE7F
:101F2000610A704700B5F0EE402AB0EE620AFFF792
:101F3000D3FF20EE220A00BD10B52DED0A8BB0EEC6
:101F4000409AF0EE609A9FED930B53EC102B51ECFE
:101F5000190B0AF007FD18D29FED900B53EC102BD4
:101F600051EC190B0AF05BFC41EC1B0B9FED8D0B48
:101F700053EC102B0AF0ACFB41EC1A0B53EC192B71
:101F80000AF04DFC41EC180B17E09FED840B53EC6D
:101F9000102B51EC190B0AF042FC41EC1B0B9FED8E
:101FA000810B53EC102B0AF037FC41EC1A0B53EC6D
:101FB000192B0AF034FC41EC180B9FED760B53EC17
:101FC000102B51EC180B0AF0CDFC20D29FED770BB3
:101FD00053EC102B51EC180B0AF07AFB41EC1C0B64
:101FE0009FED740B53EC102B0AF019FC41EC1B0B0A
:101FF0009FED6E0B53EC102B0AF06AFB41EC1A0BB1
:1020000053EC182B0AF00BFC41EC180B1FE09FED72
:10201000670B53EC102B51EC180B0AF0FAFB41EC58
:102020001C0B9FED660B53EC102B0AF0F8FB41ECF8
:102030001B0B9FED5E0B53EC102B0AF049FB41ECA0
:102040001A0B53EC182B0AF0EAFB41EC180BB0EE1C
:10205000480AF0EE680ABDEC0A8B10BD10B52DEDF4
:10206000068BB0EE408AF0EE608A01249FED550B9E
:1020700053EC102B51EC180B0AF08CFC0AD89FED96
:10208000510B53EC102B51EC180B0AF0C2FB41EC36
:10209000180BA41E20460AF034FC41EC190BB0EEDC
:1020A000480AF0EE680AFFF747FFB0EE40AAF0EEEC
:1020B00060AA53EC192B51EC1A0B0AF0B0FB41EC5F
:1020C000100BBDEC068B10BD10B52DED088BB0EEDE
:1020D000408AF0EE608A01249FED3C0B53EC102BFC
:1020E00051EC180B0AF0F4FA41EC180B9FED350B8C
:1020F00053EC102B51EC180B0AF04CFC0AD8A41E20
:102100009FED300B53EC102B51EC180B0AF081FBB8
:1021100041EC180B20460AF0F4FB41EC1A0BB0EE30
:10212000480AF0EE680AFFF799FFB0EE40BAF0EE09
:1021300060BA53EC1A2B51EC1B0B0AF070FB41EC0C
:10214000190B0AF03FFC00EE100ABDEC088B10BD25
:10215000F0EE401AF4EEE01AF1EE10FA3ADD31EE4C
:10216000C10AB4EEE00AF1EE10FA3CD2B0EE600A19
:1021700039E00000000000008180803B00008043C7
:1021800020CC0008DB0F4940DB0FC93FDB0FC9BF84
:10219000DF59375F00000000000000000000006011
:1021A0002FF0D93F00000060305FF43F00000000D6
:1021B0000000F03F000000C0CCCCCCBF000000C04D
:1021C000CCCCCC3FF1D4C853FB210940F1D4C85347
:1021D000FB21F93F31EE810AB4EEE00AF1EE10FA8C
:1021E00001DDB0EE600A7047F0EE401AB1EE412A10
:1021F00032EE202AB4EEE12AF1EE10FA09D231EEE5
:10220000202AB4EEE12AF1EE10FA02DDB0EE600A07
:1022100001E0B0EE610A7047F0EE402AB5EEC01A58
:10222000F1EE10FA02DDB0EE410A01E0B1EE410A32
:10223000B6EE003A22EE033A23EE213AB4EEC30A98
:10224000F1EE10FA06D29FEDD40A20EE800AF0EEED
:10225000400A4DE0B5EEC01AF1EE10FA02DDB0EE24
:10226000410A01E0B1EE410A22EE213AB4EEC30A7E
:10227000F1EE10FA06D29FEDC90A20EE800AF0EEC8
:10228000400A35E0B5EEC01AF1EE10FA02DDB0EE0C
:10229000410A01E0B1EE410AB4EEE10AF1EE10FAB2
:1022A00006D2B6EE000A20EE800AF0EE400A1FE0E9
:1022B000B5EEC01AF1EE10FA02DDB0EE410A01E00F
:1022C000B1EE410AB0EE003A21EE833AB4EEC30A11
:1022D000F1EE10FA06D29FEDB20A20EE800AF0EE7F
:1022E000400A05E09FEDAF0A20EE800AF0EE400ABA
:1022F0009FEDAD0A20EE800A20EE223AF7EE003A7A
:1023000083EE830AB7EE003A30EE030AF7EE003AA6
:1023100083EE803A90ED000A71EE403A90ED000AAB
:1023200003EE230A80ED000A90ED000AB1EE423A76
:1023300023EE213AB4EEC30AF1EE10FA04D8B1EE5E
:10234000420A20EE210A0DE090ED000A22EE213A29
:10235000B4EEC30AF1EE10FA02DD22EE210A01E02A
:1023600090ED000A80ED000A90ED000A31EE400A7F
:10237000704710B52DED028BB0EE408AF0EE608A0A
:102380009FED8A0B53EC102B51EC180B0AF002FB5B
:102390000CD29FED880B53EC102B51EC180B0AF06C
:1023A00038FA41EC100BBDEC028B10BD9FED830B96
:1023B00053EC102B51EC180B0AF0D4FA0AD29FED13
:1023C0007D0B53EC102B51EC180B0AF081F941EC0A
:1023D000100BE8E7B0EE480AF0EE680AE3E730B524
:1023E00005460C46F0EE403AD5ED000A60EEA00A34
:1023F00094ED001AD4ED001A41EE210AB0EE600A05
:10240000FFF790FDB0EE403AB5EEC03AF1EE10FAAB
:1024100002D81FEDA80A09E0B4EEE33AF1EE10FA93
:1024200002DDB0EE630A01E0B0EE430AB0EE404ACE
:10243000B5EEC03AF1EE10FA06D11FEDB20A83ED07
:10244000000A82ED000A0FE084EE030AD5ED000ACF
:1024500020EE200A82ED000A84EE030AD4ED000A81
:1024600020EE200A83ED000A30BDF0EE400A0B7822
:1024700002EB8303C3ED000A0B785B1C0B700B7837
:10248000834201DB00230B700B7802EB830393ED97
:10249000000A704700B50246B0EE403A0B46F7EE30
:1024A000000A43EE430AB0EE600AFFF73BFDD2EDAF
:1024B000000A20EE200AD2ED010A00EEC30A83EDE5
:1024C000000AF7EE000A43EE430AB0EE600AFFF797
:1024D00029FDD2ED010A20EE200AD2ED000A00EE1D
:1024E000830A83ED010A00BD90ED000AD1ED010AD7
:1024F00020EE200AD0ED010A91ED001A00EEC10A8B
:10250000704790ED000AD1ED000A20EE200AD0EDD0
:10251000010A91ED011A00EE810A704790ED010A5F
:10252000D1ED020A20EE200AD0ED020A91ED011A47
:1025300000EEC10A82ED000A90ED020AD1ED000A18
:1025400020EE200AD0ED000A91ED021A00EEC10A39
:1025500082ED010A90ED000AD1ED010A20EE200A79
:10256000D0ED010A91ED001A00EEC10A82ED020AD7
:10257000704790ED000AD1ED000A20EE200AD0ED60
:10258000010A91ED011A00EE810AD0ED020A91EDE7
:10259000021A00EE810A70479A99993FCDCC4C3FC0
:1025A000CDCC4C3ECDCCCC3DC3F5C84000000000A6
:1025B00000806640000000000080764000000000BF
:1025C000008066C008B5C648D0ED000A9FEDC51A68
:1025D000F4EEC10AF1EE10FA0BD2D0ED000AB7EE1C
:1025E000001A70EE810AC0ED000A0120BE49887011
:1025F00002E00020BC498870B948D0ED010A9FED87
:10260000B91AF4EEC10AF1EE10FA0BD2D0ED010ABC
:10261000B7EE001A70EE810AC0ED010A01208DF8B4
:10262000000002E000208DF80000AD48D0ED020A65
:102630009FEDAC1AF4EEC10AF1EE10FA0BD2D0ED18
:10264000020AB7EE001A70EE810AC0ED020A0120FC
:102650008DF8010002E000208DF801009DF80000D7
:1026600030B19DF8010018B101209F49C87002E007
:1026700000209D49C87008BD30B500220024C578EF
:102680008B1F9D4200D030BD002306E0C55C154481
:10269000EAB2A518ECB25D1CEBB28D1E9D42F5DCD2
:1026A000431813F8023C934204D1431813F8013C39
:1026B000A34200D0E7E78378512B38D103795BB987
:1026C0004379894D6B7183795BB2AB71C3795BB22E
:1026D000EB71037A2B7183E00379012B12D14379DB
:1026E000814D2B72C3886B810389AB81837A2B71F7
:1026F0009FED7E0A7A4B83ED010A2B461B785B1C0B
:102700002B706DE00379022B6AD14379764DAB7360
:10271000C3882B8203896B824389AB828389EB82D6
:10272000C3892B83038A6B83837C2B7158E0837866
:10273000342B0DD1D0F807306B4DEB619FED6B0A58
:10274000674B83ED020A2B465B785B1C6B7047E09E
:102750008378012B0DD18388634D2B86C3886B86CC
:102760000389AB864389EB8683892B87C3896B8773
:1027700036E08378042B33D1B0F9043000EE103A00
:10278000B8EEC00ADFED5A0A20EE200A564B83ED60
:10279000080AB0F9063000EE103AB8EEC00ADFEDD4
:1027A000540A20EE200A504B83ED090AB0F9083094
:1027B00000EE103AB8EEC00ADFED4D0A20EE200A16
:1027C000494B83ED0A0AB0F90A3000EE103AB8EE30
:1027D000C00ADFED470A20EE200A434B83ED0B0AC7
:1027E00000BF50E710B504464248007838B9AA2C1B
:1027F00005D101203F4908703F4804706FE03D4813
:102800000078012809D1612C01D0FF2C05D10220CC
:10281000384908703848447061E03648007802282A
:1028200005D10320334908703348847057E031489C
:10283000007803280CD1FA2C0ADA04202D490870FC
:102840002D48C4702D48047000202D49087046E0C2
:1028500028480078042819D128480078002815DD78
:1028600026480078401E25490870254800782449EC
:102870000978491C224A1170001D1F490C541F4839
:10288000007840BB05201B49087028E019480078F3
:1028900005280DD1062017490870194800781849F5
:1028A0000978491C164A1170001D13490C5416E092
:1028B0001048007806280FD100200E4908701048F3
:1028C0000078001D0C490C540D480078401DC1B221
:1028D0000948FFF7D1FE02E000200649087010BD4C
:1028E000900A00200000FA43200A002000000000A7
:1028F00017B7D138C10000205C0A0020BF000020BB
:10290000C00000200146D548007800287ED0002273
:10291000D24B1A70D24A1288C832D14B1A80D14A8F
:10292000127DD14B5A76CF4AD37DCF4A9376CD4A8A
:102930009369CD4AC2F81B30CA4AD369CA4AC2F861
:102940001F30C84A526A0A2392FBF3F3C64AC2F800
:102950002330C44A126B0A2392FBF3F213B2C24A29
:10296000A2F82730BF4A526B0A2392FBF3F213B24C
:10297000BD4AA2F82930BB4A926B0A2392FBF3F2BC
:1029800013B2B94AA2F82B30B64AB2F84C2000EE86
:10299000102AB8EE400ADFEDB50A20EE200ABCEEA0
:1029A000C00A10EE100A08B9002204E0C82801D9B4
:1029B000C82200E002461046AB4A82F82D00A94A20
:1029C000526C00EE102AB8EE400ADFEDA80A20EEA5
:1029D000200ABCEEC00A10EE100A08B9002204E07A
:1029E000C82801D9C82200E0024610469E4A82F853
:1029F0002E009C4AD26A00EE102AB8EE400ADFEDA3
:102A00009B0A20EE200ABCEEC00A00E012E010EEA5
:102A1000100A08B9002204E0C82801D9C82200E041
:102A200002461046904A82F82F000123904A82F80D
:102A3000213100BF704710B50E218E4800F0C2FE54
:102A400010BD10B50E218C4800F0BCFE10BD10B5B5
:102A5000642000F0D3F94FF4165000F038FE322015
:102A600000F0CCF91C21854800F0ACFE642000F099
:102A7000C5F94FF4964000F02AFE322000F0BEF96E
:102A80001C217E4800F09EFE642000F0B7F94FF450
:102A9000164000F01CFE322000F0B0F91C217748EF
:102AA00000F090FE642000F0A9F94FF4E13000F04E
:102AB0000EFE142000F0A2F90B21714800F082FEF6
:102AC000142000F09BF90B216E4800F07BFE1420CF
:102AD00000F094F90B216C4800F074FE142000F013
:102AE0008DF90B21694800F06DFE142000F086F985
:102AF0000B21674800F066FE142000F07FF90B21DF
:102B0000644800F05FFE142000F078F9FFF793FFAF
:102B100010BD10B50146002000225F4B1B782BB979
:102B2000B52903D101235C4C237095E05A4B1B78E7
:102B3000012B05D1622903D10223574C23708BE06E
:102B4000554B1B78022B05D10323534C2370534B59
:102B5000197081E0504B1B78032B05D104234E4C98
:102B600023704F4B197077E04B4B1B78042B05D12A
:102B70000523494C23704B4B19706DE0464B1B7875
:102B8000052B10D10623444C2370464B1B7803EBD6
:102B90000123454C238023461B88622B5CDB0023EA
:102BA0003D4C237058E03C4B1B78062B54DB3A4BD2
:102BB0001B789B1F3C4C2488A41CA3420ADA364B8A
:102BC0001B789B1F274CE154334B1B785B1C324C0A
:102BD000237041E0314B1B780344D8B21318DAB2AA
:102BE0002F4B1B780344D8B21318DAB22E4B1B7844
:102BF0000344D8B21318DAB22B4B1B8800EB132313
:102C0000D8B21318DAB2002307E0164CE45C04448F
:102C1000E0B21418E2B25C1CE3B2234C2488A34255
:102C2000F3DB104B204C24881B5D834211D10D4CEB
:102C30001D4B1B885B1CE35C93420AD1174B1B782E
:102C4000012B06D1164B1B78072B02D10123034C15
:102C500023700023104C237010BD0000C200002020
:102C6000C40000209C0A0020780900200AD7233CD9
:102C700024020020C6000020D4000020FE00002016
:102C80002F0100203A0100204501002050010020C2
:102C90005B01002066010020770100207101002007
:102CA000720100207301002074010020704700BFF2
:102CB000FEE700BFFEE700BFFEE77047704710B5B4
:102CC000802003F0C4FE10B1802003F016FF10BD79
:102CD00010B500F01BFC10BD704710B50121114864
:102CE00007F0ABFD28B101210E4807F003FEFEF707
:102CF00057FA10BD10B500F0ADFD10BD10B500F0D5
:102D00009EFE10BD10B500F0BBFF10BD10B501F068
:102D1000A0F810BD10B501F0B0F910BD10B500F06D
:102D200071FC10BD001400407FB5684604F0C1FD81
:102D30004FF47A710198B0FBF1F4E4082146B1F147
:102D4000807F00D31DE021F07F40401E4FF0E02245
:102D5000506150170F22002807DA13071E0E314B5F
:102D600000F00F052D1F5E5503E013071D0E2E4BBF
:102D70001D5400BF00204FF0E02290610720106139
:102D800000BF6FF0040001F095FB7FBD2748D0E93C
:102D900000305A1C40F100002449C1E9002070476E
:102DA00022480068704710B500BF204A11684FF0F4
:102DB000E02252694FF0E0239B69D21A4FF47A73F4
:102DC0005A434FF0E0235B69B2FBF3F201EB41039E
:102DD000C3EBC11302EBC300144C18CC4B4023438C
:102DE000E3D110BD30B50446FFF7DDFF054600BF57
:102DF000FFF7D9FF401BA042FAD330BD10B50446FF
:102E000003E04FF47A70FFF7EDFF201EA4F10104F8
:102E1000F7D110BD10B54FF4806001F099FAFFF7BB
:102E200083FF10BD18ED00E000E400E07801002011
:102E300000B58FB0684602F096FD0121880504F0C8
:102E400050FE00BF564803F0ABF80028FAD10090BE
:102E5000544801905448029000200390322004907E
:102E6000002005904FF4806006904000079080009D
:102E7000089000010A904012099000200B90012058
:102E80000C9000200D900E906946454802F015FC0C
:102E90000121434802F078FD0FB000BD00B58DB0B0
:102EA00001A801F009FC0121042004F01AFE01210F
:102EB000080204F0FCFEFFF7BBFF03208DF8300092
:102EC00020200B9000208DF833000BA9374803F029
:102ED000B9FE0020099007904FF480300890002040
:102EE0000A9007A801F0F2FB002001908DF808007D
:102EF00001208DF8090000200390059001208DF835
:102F0000180001A927484C3801F00DFB07230122C6
:102F10000F2124484C3801F09EFD012121484C38F6
:102F200001F077FF01211F484C3801F080FC01219E
:102F30001C484C3801F047FF1A484C3801F057FE46
:102F40000DB000BD9FED1A0AF0EE400A002010E01F
:102F5000154931F8101000EE101AB8EE401ADFEDE6
:102F6000151AB0EE600A01EE210AF0EE400A411C8B
:102F7000C8B23228ECDB9FED101A80EE810A9FED7B
:102F80000F1A20EE010AB2EE061A20EE010AF7EE41
:102F9000001A80EE211A9FED0A0A21EE000A7047FE
:102FA000106402404C200140000B00200008024049
:102FB000000000000AD7A33C0000804500404E45B9
:102FC0006F12833A1CB5684603F0E7FE012110201A
:102FD00004F087FD01208DF804008DF80700002023
:102FE0008DF8060002208DF8050007200090694644
:102FF000384803F027FE01208DF804008DF8060004
:1030000002208DF80500802000906946314803F0C9
:1030100019FE02212F4804F04BF801212D4804F03D
:1030200047F804212B4804F043F88021294804F094
:103030003FF81CBD00F0010119B10221254A11839E
:1030400002E00221234A518300F0020119B101215B
:10305000204A118302E001211E4A518300F004013D
:1030600019B104211B4A118302E00421194A51833A
:1030700000F0080119B18021164A518302E0802135
:10308000144A1183704700B500201DE0124931F841
:103090001010124A1256914204DA0121814019435C
:1030A0008BB202E0012181408B430B4931F81010B3
:1030B000491C89B2084A22F81010142902DB0021A9
:1030C00022F81010411CC8B20428DFDB1846FFF7B5
:1030D000B1FF00BD001002408401002080010020EB
:1030E00030B58BB00025D44C01A803F056FE08A8DB
:1030F00005F063F903A805F09CFF012C01D801201D
:1031000004E0CE48844200D900E020460446012174
:10311000082004F0A9FD0121022004F0C8FD0121CE
:10312000084604F0C4FD0121152004F0DAFC0C204F
:10313000019002208DF8080003208DF8090000207E
:103140008DF80A0001208DF80B0001A9BC4803F09E
:1031500079FD02221146BA4804F088F802220321C0
:10316000B74804F083F8B74800684008B0FBF4F0B3
:10317000401E85B242F210700990ADF82050002038
:10318000ADF82800ADF8220008A9AF4805F08AF88C
:103190006020ADF80C000020ADF818000120ADF85B
:1031A0000E004FF47A60059003A9A74805F0E8FDEA
:1031B0000821A54806F0B1F90120ADF80E004FF442
:1031C0007A60059003A9A04805F0A2FE08219E4858
:1031D00006F0CFF901219C4805F0E9FA01219A484F
:1031E00005F0D1FB4FF4D440019002208DF8080087
:1031F00003208DF8090000208DF80A0001208DF8C9
:103200000B0001A9914803F01DFD012209218F48FF
:1032100004F02CF801220B218C4804F027F801223D
:103220000D218A4804F022F801220E21874804F07B
:103230001DF884480068B0FBF4F0401E85B242F2ED
:1032400010700990ADF820500020ADF82800ADF8BE
:1032500022008DF82A0008A97D4805F023F8602097
:10326000ADF80C000020ADF81000ADF818000820F3
:10327000ADF81A004001ADF81C000020ADF81E00AA
:103280000120ADF80E004FF47A60059003A9704854
:1032900005F0C1FB08216E4806F0CBF84FF47A60C8
:1032A000059003A96A4805F07EFC0821684806F0ED
:1032B000FEF84FF47A60059003A9654805F060FDBB
:1032C0000821634806F029F94FF47A60059003A9B4
:1032D0005F4805F01DFE08215D4806F04AF901210E
:1032E0005B4807F0FCF80121594805F060FA01211C
:1032F000574805F048FB4FF44070019002208DF8CC
:10330000080003208DF8090000208DF80A00012034
:103310008DF80B0001A94F4803F094FC032208210B
:103320004C4803F0A3FF032209214A4803F09EFF03
:1033300044480068B0FBF4F0401E85B242F21070C1
:103340000990ADF820500020ADF82800ADF822001B
:103350008DF82A0008A9404804F0A4FF6020ADF8C9
:103360000C000020ADF81000ADF818000820ADF8F2
:103370001A004001ADF81C000020ADF81E004FF40B
:103380007A60059003A9344805F0FAFC082130481A
:1033900006F0C3F84FF47A60059003A92E4805F0B3
:1033A000B7FD08212A4806F0E4F801212A4807F071
:1033B00096F80121284805F0FAF90121264805F080
:1033C000E2FA0BB030BDB0F90010890001F57A6166
:1033D0001F4A1164B0F90210890001F57A61D163C6
:1033E000B0F90410890001F57A619163B0F9061013
:1033F000890001F57A615163B0F90810890001F57F
:103400007A61114A40321160B0F90A10890001F561
:103410007A61121F1160B0F90C10890001F57A6110
:103420000D4A40321160B0F90E10890001F57A6141
:10343000121F11607047000000093D0000BD01052A
:1034400000000240A4010020000C004000100240D7
:1034500000000140000802400004014000B587B0B0
:1034600005A803F09AFC02A806F0BBFE0121022089
:1034700004F0FAFB0121042004F033FB1D208DF839
:10348000040002208DF8050001208DF806008DF85B
:10349000070001A800F077FF8020059002208DF83A
:1034A000180003208DF8190000208DF81A00022062
:1034B0008DF81B0005A95D4803F0C4FB022207211B
:1034C0005A4803F0D3FE5320594908800420ADF830
:1034D00008000A20ADF80A000120ADF80C00002019
:1034E000ADF80E00ADF8100002A95148283806F0DA
:1034F00092FD01214E48283805F045FA01220421A9
:103500004B48283807F05AF807B000BD10B54848B6
:103510001838008800F0040000B34FF6FB704449EF
:10352000183908804FF6FF30088040481030006896
:1035300000F0800090B93E48283806F0FEFE3D4974
:103540000880084600884988401A84B22046FEF761
:10355000C9F9384800883749488000BF10BD00B518
:1035600087B0684603F019FC0121202004F09FFB7E
:103570000121042004F0B5FA47208DF8080004204A
:103580008DF8090001208DF80A008DF80B0002A8C3
:1035900000F0F9FE08220721244803F067FE80208E
:1035A000009002208DF804008DF8050001208DF8B0
:1035B000060000208DF8070069461C4803F042FB16
:1035C0001D4803900020ADF810004FF40050ADF8F6
:1035D0001200C010ADF814000020ADF8180004204F
:1035E000ADF8160003A9154807F0DBFE012240F2F2
:1035F0002551124808F071FB0121104808F01AF813
:1036000007B000BD10B540F225510C4808F08BFC06
:1036100058B140F22551094808F010FD0748001D37
:103620000088C4B22046FEF78BF910BD00080240A6
:10363000280400408C010020A086010000140140F5
:103640003EB504460121202004F00EFB1E4804F084
:103650004DFD01945320ADF800000020ADF80800A6
:10366000ADF802006946184804F01CFE0121164816
:1036700007F0ADF801221146134806F09FFF012123
:10368000114805F080F90021202004F0EDFA3EBD3C
:1036900008B537208DF8000007208DF801000120C3
:1036A0008DF802008DF80300684600F06CFE08BD3E
:1036B00010B54FF47A70FFF7C3FFFFF7E9FF012160
:1036C000202004F0D1FA10BD00140040704710B55E
:1036D0008AB0044606A807F048FF0121102004F034
:1036E000E6FA0121084604F0FCF925208DF80C00CB
:1036F00003208DF80D0000208DF80E0001208DF8BC
:103700000F0003A800F03FFE07220921FE4803F046
:10371000ADFD07220A21FC4803F0A8FD4FF400701C
:10372000019002208DF808008DF8090000208DF826
:103730000A0001208DF80B0001A9F34803F082FA7A
:103740004FF48060019002208DF808008DF8090088
:1037500001208DF80A0000208DF80B0001A9EA482D
:1037600003F070FAE94807F0B7FD06940020ADF8C1
:103770001C00ADF81E00ADF82000ADF824000C20B0
:10378000ADF822000020ADF81000ADF812004FF4A3
:103790000070ADF814000020ADF8160006A9DB4853
:1037A00007F0FFFD04A9D94807F0EBFE012240F223
:1037B0002551D64808F091FA0121D44807F03AFF84
:1037C0000AB010BD70B505460E4600240AE0295D1A
:1037D000CF4802780078401CCD4B1870CD488154FA
:1037E000601CC4B2B442F2DBC848808900F080009B
:1037F00028B9012240F22771C44808F06EFA70BD62
:10380000C5490A780978491CC34B1970C3498854C3
:1038100019460978642902DB00211A4611707047A5
:1038200010B510E0BE490A780978491CBC4B1970E4
:10383000BA49885CFFF76DF9B9480078642802DB63
:103840000020B7490870B4480078B5490978884223
:10385000E8D110BD10B5AD48008800F0080010B1E7
:10386000AA488088C4B240F22551A84808F05BFB02
:1038700050B140F22551A54808F0E0FBA3488088EC
:10388000C4B22046FFF7BCFF40F227719F4808F002
:103890004AFBA8B1A34801780078401CA14A1070E7
:1038A0009C48405C9949888010460078984909787E
:1038B000884205D19548808920F08000934988810D
:1038C00010BD10B58AB0044606A807F04EFE0121CF
:1038D000480404F0C9F90121082004F002F9262067
:1038E0008DF80C0004208DF80D0001208DF80E00DD
:1038F0008DF80F0003A800F046FD072205218A4835
:1039000003F0B4FC07220621874803F0AFFC202017
:10391000019002208DF808008DF8090000208DF834
:103920000A0001208DF80B0001A97F4803F08AF9F5
:103930004020019002208DF808008DF80900012038
:103940008DF80A0000208DF80B0001A9764803F0DD
:1039500079F906940020ADF81C00ADF81E00ADF812
:103960002000ADF824000C20ADF822000020ADF8B6
:103970001000ADF812004FF40070ADF814000020F4
:10398000ADF8160006A9694807F00BFD04A96748C1
:1039900007F0F7FD012240F22551644808F09DF937
:1039A0000121624807F046FE0AB010BD70B5054619
:1039B0000E4600240AE0295D5D4802780078401C2C
:1039C0005B4B18705B488154601CC4B2B442F2DB9C
:1039D00056480C30008800F0800028B9012240F2DF
:1039E0002771524808F079F970BD53490A7809786F
:1039F000491C514B1970514988541946097864295A
:103A000002DB00211A461170704710B510E04C49D6
:103A10000A780978491C4A4B19704849885C08F0B3
:103A2000B0FB47480078642802DB00204449087056
:103A300041480078424909788842E8D110BD10B564
:103A40003A48008800F0080018B13848001D008886
:103A5000C4B240F22551354808F065FA58B140F239
:103A60002551324808F0EAFA3048001D0088C4B2F7
:103A70002046FFF7BAFF40F227712C4808F053FAAE
:103A8000C0B1304801780078401C2E4A1070294897
:103A9000405C2649091D08801046007824490978B1
:103AA000884207D121480C30008820F080001F494F
:103AB0000C31088010BD10B58AB0044606A807F086
:103AC00054FD0121880404F0CFF80121022004F004
:103AD00008F827208DF80C0002208DF80D0000203A
:103AE0008DF80E0001208DF80F0003A800F04BFCAC
:103AF00007220A21144803F0B9FB07220B211248C0
:103B000003F0B4FB22E0000000000240001001407E
:103B100091010020640B002092010020640C002021
:103B20009301002090010020000C0240004400405E
:103B300095010020C80C002096010020C80D00202F
:103B40009701002094010020000402404FF480609F
:103B5000019002208DF808008DF8090000208DF8F2
:103B60000A0001208DF80B0001A9FE4803F06AF855
:103B70004FF40060019002208DF808008DF80900D4
:103B800001208DF80A0000208DF80B0001A9F548EE
:103B900003F058F806940020ADF81C00ADF81E00A4
:103BA000ADF82000ADF824000C20ADF82200002074
:103BB000ADF81000ADF812004FF40070ADF814002D
:103BC0000020ADF8160006A9E74807F0EAFB04A9B3
:103BD000E54807F0D6FC012240F22551E24808F002
:103BE0007CF80121E04807F025FD0AB010BD70B552
:103BF00005460E4600240AE0295DDC48027800787C
:103C0000401CDA4B1870DA488154601CC4B2B442CC
:103C1000F2DBD5480C30008800F0800028B9012282
:103C200040F22771D04808F058F870BDD1490A78A1
:103C30000978491CCF4B1970CF4988541946097827
:103C4000642902DB00211A461170704700B510E0AC
:103C5000CA490A780978491CC84B1970C649885C5A
:103C6000FFF734FDC5480078642802DB0020C34913
:103C70000870C0480078C14909788842E8D100BD81
:103C800010B5B948008800F0080018B1B648001D0A
:103C90000088C4B240F22551B34808F044F958B145
:103CA00040F22551B04808F0C9F9AF48001D00881E
:103CB000C4B22046FFF7BAFF40F22771AA4808F0C5
:103CC00032F9C0B1AE4801780078401CAC4A10709F
:103CD000A748405CA449091D088010460078A34904
:103CE0000978884207D1A0480C30008820F0800075
:103CF0009D490C31088010BD10B588B0044604A859
:103D000007F033FC0121C80403F0AEFF012108468F
:103D100003F0E7FE34208DF80C0003208DF80D0031
:103D200001208DF80E008DF80F0003A800F02BFB8A
:103D300008220021934803F099FA082201219148B2
:103D400003F094FA0120019002208DF808008DF80C
:103D5000090000208DF80A0001208DF80B0001A950
:103D6000884802F06FFF022001908DF808008DF85E
:103D7000090001208DF80A0000208DF80B0001A930
:103D8000804802F05FFF04940020ADF81400ADF805
:103D90001600ADF81800ADF81C000C20ADF81A00A4
:103DA00004A9794807F0FDFA012240F2255176482E
:103DB00007F093FF0121744807F03CFC08B010BDE8
:103DC00070B505460E4600240AE0295D6F4802786A
:103DD0000078401C6D4B18706D488154601CC4B253
:103DE000B442F2DB68480C30008800F0800028B94B
:103DF000012240F22771644807F06FFF70BD6549EA
:103E00000A780978491C634B19706349885419462C
:103E10000978642902DB00211A461170704710B539
:103E200010E05E490A780978491C5C4B19705A49C0
:103E3000885CFEF7D7FC59480078642802DB002034
:103E40005649087053480078544909788842E8D1A7
:103E500010BD10B54C48008800F0080018B14A4861
:103E6000001D0088C4B240F22551474808F05BF8B5
:103E700058B140F22551444808F0E0F84248001D8E
:103E80000088C4B22046FFF7BAFF40F227713E48CF
:103E900008F049F8C0B1424801780078401C404A17
:103EA00010703B48405C3849091D08801046007876
:103EB00036490978884207D133480C30008820F011
:103EC000800031490C31088010BD10B588B004461F
:103ED00004A807F04AFB0121080503F0C5FE0121F3
:103EE000042003F0FEFD0121082003F0FAFD352037
:103EF0008DF80C0001208DF80D0000208DF80E00CB
:103F000001208DF80F0003A800F03DFA08220C21D3
:103F1000244803F0ABF908220221234803F0A6F954
:103F20004FF48050019002208DF808008DF80900B0
:103F300000208DF80A0001208DF80B0001A9194816
:103F400002F080FE0420019002208DF808008DF818
:103F5000090001208DF80A0000208DF80B0001A94E
:103F6000114823E00004024000480040990100206D
:103F70002C0E00209A0100202C0F00209B01002015
:103F80009801002000000240004C00409D010020EC
:103F9000900F00209E010020901000209F01002023
:103FA0009C01002000080240000C024002F04AFE82
:103FB00004940020ADF81400ADF81600ADF8180018
:103FC000ADF81C000C20ADF81A0004A94C4807F00D
:103FD000E8F9012240F22551494807F07EFE01210F
:103FE000474807F027FB08B010BD70B505460E46E0
:103FF00000240AE0295D434802780078401C414BC8
:10400000187041488154601CC4B2B442F2DB3C4891
:10401000808900F0800028B9012240F227713848D9
:1040200007F05BFE70BD39490A780978491C374BA7
:1040300019703749885419460978642902DB002130
:104040001A461170704710B510E032490A780978A5
:10405000491C304B19702E49885CFCF702FC2D4836
:104060000078642802DB00202A490870274800787D
:10407000284909788842E8D110BD10B52048008849
:1040800000F0080010B11E488088C4B240F22551EB
:104090001B4807F048FF50B140F22551184807F07F
:1040A000CDFF17488088C4B22046FFF7BCFF40F21E
:1040B0002771134807F037FFA8B117480178007837
:1040C000401C154A10701048405C0D49888010460D
:1040D00000780C490978884205D10948808920F088
:1040E00080000749888110BD10B5FFF799FBFFF7E5
:1040F0008CFCFFF7ABFDFFF792FEFFF7A4FF10BDAE
:1041000000500040A1010020F4100020A201002076
:10411000F4110020A3010020A001002006488047E0
:1041200006480047FEE7FEE7FEE7FEE7FEE7FEE79C
:10413000FEE7FEE7FEE7FEE71D42000889010008F2
:104140000CB50020019000907648006840F4803063
:104150007449086000BF7348006800F400300090A4
:104160000198401C0190009818B90198B0F5A06F13
:10417000F1D16C48006800F4003010B101200090CB
:1041800001E0002000900098012846D165484030A9
:10419000006840F080506349403108606248006820
:1041A00040F48040604908605E48083000685D491E
:1041B000083108600846006840F40040086008467E
:1041C000006840F4A05008605848091F0860081FA4
:1041D000006840F08070091F086000BF5148006807
:1041E00000F000700028F9D040F2056050490860E6
:1041F0004C480830006820F003004A490831086044
:104200000846006840F00200086000BF45480830DA
:10421000006800F00C000828F8D10CBD10B5454826
:10422000006840F47000434908603E48006840F070
:1042300001003C49086000203A49083108603948CB
:1042400000683D490840374908603C48091D08603E
:10425000081F006820F48020091F086000203149F1
:104260000C310860FFF76CFF4FF000603149803976
:10427000086010BD70B50020002202230024022136
:10428000284D08352D6805F00C0020B1042806D013
:10429000082834D107E02A4D2A4E356033E02A4DF4
:1042A000284E35602FE01F4D2D1D2D68C5F380541D
:1042B0001C4D2D1D2D6805F03F0154B1224DB5FB5D
:1042C000F1F5184E361D3668C6F3881605FB06F262
:1042D00009E01B4DB5FBF1F5124E361D3668C6F3ED
:1042E000881605FB06F20F4D2D1D2D68C5F30145FF
:1042F0006D1C6B00B2FBF3F5124E356003E0104D00
:10430000104E356000BF00BF064D08352D68C5F35F
:1043100003150E4E705D0B4D2D68C540094E35607E
:1043200070BD000000380240007000400854400793
:10433000003C024088ED00E0FFFFF6FE1030002454
:104340000024F400A401002000127A00A80100203B
:1043500010B50446B4F5E06F0BD0B4F5C06F08D0CB
:10436000B4F5A06F05D0B4F5806F02D0B4F5407FEE
:1043700000D103E073215F48FBF712FF5E48204342
:104380005E49086010BD2DE9F04104460025002774
:104390000F26E07810B1E078012800D103E08721F2
:1043A0005448FBF7FDFE6078102800DA03E088210E
:1043B0005048FBF7F5FEA078102800DA03E08921C9
:1043C0004C48FBF7EDFEE07818B34C48006800F469
:1043D000E060C0F5E060C0F30725C5F10400C7B296
:1043E0002E416078B840C5B2A07830400543280718
:1043F000050E434821784554207800F01F01012024
:10440000884021784911890001F1E021C1F80001BB
:1044100009E0207800F01F01012088403949227806
:10442000521141F82200BDE8F08170B504460D46F6
:10443000B4F1005F02D0B4F1006F00D103E0B1210C
:104440002C48FBF7ADFE3048854200D203E0B22194
:104450002848FBF7A5FE2D4905EA0100204327491E
:10446000091F086070BD70B504460D46102C03D0BE
:10447000042C01D0022C00D103E0C4211D48FBF71D
:104480008FFE0DB1012D00D103E0C5211948FBF7C6
:1044900087FE3DB11948001D006820431749091DDA
:1044A000086006E01548001D0068A0431349091D77
:1044B000086070BD10B50446042C01D0601D00B921
:1044C00003E0DC210B48FBF76BFE042C08D14FF016
:1044D000E020006940F004004FF0E021086107E0AF
:1044E0004FF0E020006920F004004FF0E021086167
:1044F00010BD000024D000080000FA050CED00E01B
:1045000000E400E080E100E0FFFF0F0080FFFF1FFC
:1045100010B50121080203F08DFC00214FF48070DA
:1045200003F088FC10BD2DE9F04105460C4600263D
:104530000027F748854205D0F648854202D0F64864
:10454000854200D103E0E921F448FBF729FE206809
:1045500058B12068B0F1807F07D02068B0F1007FAB
:1045600003D02068B0F1407F00D103E0EA21EB489E
:10457000FBF716FE207910B12079012800D103E065
:10458000EB21E648FBF70CFE607910B16079012859
:1045900000D103E0EC21E148FBF702FEA06858B12E
:1045A000A068B0F1805F07D0A068B0F1005F03D0D1
:1045B000A068B0F1405F00D103E0ED21D748FBF7E0
:1045C000EFFDE068D8B3E068B0F1807F37D0E068F5
:1045D000B0F1007F33D0E068B0F1407F2FD0E068C9
:1045E000B0F1806F2BD0E068B0F1A06F27D0E06809
:1045F000B0F1C06F23D0E068B0F1E06F1FD0E06889
:10460000B0F1006F1BD0E068B0F1106F17D0E06818
:10461000B0F1206F13D0E068B0F1306F0FD0E068D8
:10462000B0F1406F0BD0E068B0F1506F07D0E06898
:10463000B0F1606F03D0E068B0F1706F00D103E0BB
:10464000EE21B648FBF7ACFD206918B12069B0F542
:10465000006F00D103E0EF21B048FBF7A1FD207D02
:10466000012803DB207D102800DC03E0F021AB48AB
:10467000FBF796FD6E68AA4806402179206840EA5B
:10468000012006436E60AE68A6480640D4E90310D8
:104690000843A1680843617940EA41000643AE60DF
:1046A000EE6A26F47006207D401EC0B2074346EA3B
:1046B0000756EE62BDE8F081002101600171417191
:1046C0008160C160016101210175704770B50446C8
:1046D0000025206818B32068012820D0206802280F
:1046E0001DD0206805281AD02068062817D0206819
:1046F000072814D02068092811D0206811280ED06E
:10470000206812280BD02068152808D020681628A9
:1047100005D02068172802D02068192800D104E0AD
:104720004FF4A9717D48FBF73BFD606858B16068A4
:10473000B0F5803F07D06068B0F5003F03D06068F7
:10474000B0F5403F00D104E040F253117348FBF74D
:1047500027FDA06858B1A068B0F5804F07D0A068C9
:10476000B0F5004F03D0A068B0F5404F00D104E091
:104770004FF4AA716948FBF713FDE068D8B3E0680D
:10478000B0F5807F37D0E068B0F5007F33D0E068C7
:10479000B0F5407F2FD0E068B0F5806F2BD0E06897
:1047A000B0F5A06F27D0E068B0F5C06F23D0E06807
:1047B000B0F5E06F1FD0E068B0F5006F1BD0E06887
:1047C000B0F5106F17D0E068B0F5206F13D0E06837
:1047D000B0F5306F0FD0E068B0F5406F0BD0E068F7
:1047E000B0F5506F07D0E068B0F5606F03D0E068B7
:1047F000B0F5706F00D104E040F255114748FBF767
:10480000CFFC4948056849480540D4E90001084300
:10481000A1680843E168084305433D48C0F80453D4
:1048200070BD0021016041608160C160704770B55A
:1048300004460D463648844205D03648844202D0AC
:104840003548844200D104E040F28B113348FBF735
:10485000A7FC0DB1012D00D104E04FF4C6712F4823
:10486000FBF79EFC25B1A06840F00100A06003E0CA
:10487000A06820F00100A06070BD70B505460C4630
:1048800000262348854205D02248854202D022488E
:10489000854200D104E04FF4E3712048FBF780FC2F
:1048A000234884420FD0234884420CD022488442BB
:1048B00009D0B4F5000F06D0B4F5800F03D0B4F5DD
:1048C000400F00D004B904E040F2C7111348FBF7D1
:1048D00067FC6E681848C043064026436E6070BD92
:1048E00070B504460E4615460948844205D009486D
:1048F000844202D00848844200D104E040F2E3112F
:104900000648FBF74DFCB6F5805F17DA1BE00000A8
:104910000020014000210140002201406CD000082D
:10492000FFFEFFFCFDF7FFC004230140E030FCFF69
:1049300000028000000240000002C0004FF4F2714B
:10494000FD48FBF72DFCB5F5805F00DA04E040F28E
:10495000E511F948FBF724FC6662A56270BD70B5ED
:1049600005460C460026F548854205D0F4488542A8
:1049700002D0F448854200D104E04FF40371EE48C0
:10498000FBF70EFC1CB3012C21D0022C1FD0032CF2
:104990001DD0042C1BD0052C19D0062C17D0072CA9
:1049A00015D0082C13D0092C11D00A2C0FD00B2CA9
:1049B0000DD00C2C0BD00D2C09D00E2C07D00F2CA9
:1049C00005D0102C03D0112C01D0122C00D104E002
:1049D00040F20D21D848FBF7E3FB6E6826F01F0676
:1049E00026436E6070BD10B504460CB1012C00D199
:1049F00004E04FF41371D048FBF7D2FB3CB1D2482E
:104A0000006840F40000CD49C1F8040306E0CE4838
:104A1000006820F40000C949C1F8040310BD10B5B6
:104A200004460CB1012C00D104E040F26221C248DE
:104A3000FBF7B6FB3CB1C448006840F48000BF49B6
:104A4000C1F8040306E0C048006820F48000BB49B8
:104A5000C1F8040310BD2DE9F04706460C46174681
:104A600098460025A946B548864205D0B4488642F6
:104A700002D0B448864200D104E04FF43271AE480F
:104A8000FBF78EFB1CB3012C21D0022C1FD0032C72
:104A90001DD0042C1BD0052C19D0062C17D0072CA8
:104AA00015D0082C13D0092C11D00A2C0FD00B2CA8
:104AB0000DD00C2C0BD00D2C09D00E2C07D00F2CA8
:104AC00005D0102C03D0112C01D0122C00D104E001
:104AD00040F2C9219848FBF763FB012F02DB102F3E
:104AE00000DC04E040F2CA219348FBF759FBB8F11F
:104AF000000F14D0B8F1010F11D0B8F1020F0ED091
:104B0000B8F1030F0BD0B8F1040F08D0B8F1050FBE
:104B100005D0B8F1060F02D0B8F1070F00D104E0BC
:104B200040F2CB218448FBF73BFB092C13DDF568F1
:104B3000A4F10A0000EB4001072000FA01F925EA80
:104B40000905A4F10A0000EB400008FA00F945EA63
:104B50000905F5600EE0356904EB4401072000FA11
:104B600001F925EA090504EB440008FA00F945EAD1
:104B700009053561072F11DA756B781E00EB80018E
:104B80001F2000FA01F925EA0905781E00EB8000D4
:104B900004FA00F945EA0905756326E00D2F11DADC
:104BA000356BF81F00EB80011F2000FA01F925EAA0
:104BB0000905F81F00EB800004FA00F945EA090531
:104BC000356312E0F56AA7F10D0000EB80011F20AC
:104BD00000FA01F925EA0905A7F10D0000EB8000B4
:104BE00004FA00F945EA0905F562BDE8F08710B559
:104BF00004465248844205D05148844202D051486C
:104C0000844200D104E040F23F314B48FBF7C8FA40
:104C1000A06840F08040A06010BD70B5044600253B
:104C20004648844205D04648844202D045488442E2
:104C300000D104E040F24E313F48FBF7B1FAA068E2
:104C400000F4800008B1012500E00025284670BD71
:104C500070B504460D463948844205D03848844230
:104C600002D03848844200D104E040F26B3132482F
:104C7000FBF796FA0DB1012D00D104E04FF45B7102
:104C80002D48FBF78DFA25B1A06840F48060A06044
:104C900003E0A06820F48060A06070BD70B5044699
:104CA0000D462648844205D02548844202D0254836
:104CB000844200D104E04FF461711F48FBF770FAA1
:104CC0000DB1012D00D104E040F285311A48FBF707
:104CD00067FA25B1A06840F00200A06003E0A06878
:104CE00020F00200A06070BD2DE9F04104460D46A1
:104CF000002600271148844205D01148844202D082
:104D00001048844200D104E040F2A1310A48FBF788
:104D100047FA012D02DB082D00DC04E040F2A2314D
:104D20000548FBF73DFA666826F460466F1E46EAC2
:104D300047366660BDE8F0816CD000080020014075
:104D400000210140002201400423014070B50446C7
:104D50000D46F948844205D0F848844202D0F8480C
:104D6000844200D104E040F2BE31F648FBF718FA65
:104D70000DB1012D00D104E040F2BF31F148FBF745
:104D80000FFA25B1606840F40060606003E060687D
:104D900020F40060606070BD10B50446E6488442AF
:104DA00005D0E648844202D0E548844200D104E0C0
:104DB00040F2D531E348FBF7F3F9E06C80B210BD67
:104DC000E1480068704770B504460D46DA488442F1
:104DD00005D0DA48844202D0D948844200D104E0A8
:104DE00040F21B41D748FBF7DBF90DB1012D00D193
:104DF00004E040F21C41D348FBF7D2F925B1A0688A
:104E000040F48070A06003E0A06820F48070A0608F
:104E100070BD70B504460D46C748844205D0C748EA
:104E2000844202D0C648844200D104E040F23341BB
:104E3000C448FBF7B5F90DB1012D00D104E040F2F3
:104E40003441C048FBF7ACF925B1A06840F40070CC
:104E5000A06003E0A06820F40070A06070BD10B5F1
:104E600004460CB1012C00D104E040F24E41B5489B
:104E7000FBF796F944B1B448001F006840F40050B5
:104E8000AD49C1F8040307E0AF48001F006820F4F3
:104E90000050A949C1F8040310BD2DE9F0470646AA
:104EA0000C4691461D460027B846BA46A24886429F
:104EB00005D0A248864202D0A148864200D104E033
:104EC00040F2A6419F48FBF76BF91CB3012C21D09F
:104ED000022C1FD0032C1DD0042C1BD0052C19D064
:104EE000062C17D0072C15D0082C13D0092C11D064
:104EF0000A2C0FD00B2C0DD00C2C0BD00D2C09D064
:104F00000E2C07D00F2C05D0102C03D0112C01D063
:104F1000122C00D104E040F2A7418A48FBF740F987
:104F2000B9F1010F03DBB9F1040F00DC04E04FF429
:104F300095618448FBF734F96DB1012D0BD0022D3A
:104F400009D0032D07D0042D05D0052D03D0062D43
:104F500001D0072D00D104E040F2A9417948FBF7C8
:104F60001FF9092C13DDF768A4F10A0000EB4001DA
:104F7000072000FA01F827EA0807A4F10A0000EB6D
:104F8000400005FA00F847EA0807F7600EE03769C5
:104F900004EB4401072000FA01F827EA080704EBB4
:104FA000440005FA00F847EA08073761B76BC7F312
:104FB000015A09F103000AF10101401A00EB8001D6
:104FC0001F2000FA01F827EA080709F103000AF197
:104FD0000101401A00EB800004FA00F847EA0807D4
:104FE000B763BDE8F0872DE9F04104460D46002681
:104FF00000275148844205D05048844202D050488E
:10500000844200D104E040F2E6414E48FBF7C8F884
:10501000012D02DB042D00DC04E040F2E7414948A9
:10502000FBF7BEF8A66B26F440166F1E46EA07563D
:10503000A663BDE8F081F8B505460C46164600208B
:1050400000903D48854205D03C48854202D03C480E
:10505000854200D104E04FF4A1613A48FBF7A0F883
:10506000142C05D0182C03D01C2C01D0202C00D1DE
:1050700004E040F209513348FBF792F8B6F5805F3F
:1050800000DA04E040F20A512E48FBF789F8009557
:1050900000982044009000980660F8BD70B5054661
:1050A0000C4600262448854205D02448854202D07B
:1050B0002348854200D104E040F22E512148FBF7FD
:1050C0006FF864B3B4F5803F29D0B4F5003F26D023
:1050D000B4F5403F23D0B4F5802F20D0B4F5A02FF5
:1050E0001DD0B4F5C02F1AD0B4F5E02F17D0B4F509
:1050F000002F14D0B4F5102F11D0B4F5202F0ED0FE
:10510000B4F5302F0BD0B4F5402F08D0B4F5502FA4
:1051100005D0B4F5602F02D0B4F5702F00D104E0B3
:1051200040F22F510748FBF73BF8AE6826F4702693
:105130002643AE6070BD0000002001400021014008
:10514000002201406CD000080823014070B50446DD
:105150000D460026E148844205D0E148844202D051
:10516000E048844200D104E04FF4AA61DE48FBF736
:1051700017F845B1B5F5801F05D0B5F5001F02D071
:10518000B5F5401F00D104E040F25151D648FBF77D
:1051900007F8A66826F440162E43A66070BD10B529
:1051A0000446CE48844205D0CD48844202D0CD4842
:1051B000844200D104E040F26451CB48FAF7F0FF9A
:1051C000A06840F48000A06010BD70B504460025C2
:1051D000C248844205D0C248844202D0C1488442B9
:1051E00000D104E040F27251BF48FAF7D9FFA0683D
:1051F00000F4800008B1012500E00025284670BDBC
:1052000070B504460D46B548844205D0B448844282
:1052100002D0B448844200D104E040F28E51B2483A
:10522000FAF7BEFF0DB1012D00D104E040F28F511D
:10523000AD48FAF7B5FF25B1606840F48060606062
:1052400003E0606820F48060606070BD70B5044663
:105250000D46A248844205D0A148844202D0A1480C
:10526000844200D104E04FF4B5619F48FAF798FFFB
:105270000DB1012D00D104E040F2A9519A48FAF78E
:105280008FFF25B1606840F48050606003E0606883
:1052900020F48050606070BD38B505460C46002093
:1052A00000908E48854205D08D48854202D08D48B9
:1052B000854200D104E040F2C6518B48FAF770FFF6
:1052C000142C05D0182C03D01C2C01D0202C00D17C
:1052D00004E040F2C7518448FAF762FF009504F1F8
:1052E00028000099084400900098006880B238BDFA
:1052F0002DE9F04104460D461646002777488442C2
:1053000005D07748844202D07648844200D104E038
:1053100040F231617448FAF743FF0EB1012E00D11B
:1053200004E040F232617048FAF73AFF40F205209B
:1053300085420AD0B5F5837F07D040F20740854209
:1053400003D042F21A00854200D104E040F23361FA
:105350006548FAF725FFEFB2012000FA07F71EB102
:1053600060683843606002E06068B8436060BDE830
:10537000F08170B505460C4600265848854205D098
:105380005748854202D05748854200D104E040F298
:1053900056615548FAF704FF012C09D0022C07D0BA
:1053A000042C05D0082C03D0102C01D0202C00D1C7
:1053B00004E040F257614C48FAF7F2FE28682040BA
:1053C00008B1012600E00026304670BD70B50446E5
:1053D0000D464248844205D04148844202D04148AB
:1053E000844200D104E04FF4CF613F48FAF7D8FE81
:1053F00005F0C00008B905B104E040F279613A480F
:10540000FAF7CEFEE843206070BD2DE9F041054675
:105410000C4600260027B0463048854205D030486B
:10542000854202D02F48854200D104E04FF4D2617A
:105430002D48FAF7B5FE40F2052084420AD0B4F5B3
:10544000837F07D040F20740844203D042F21A0023
:10545000844200D104E040F291612348FAF7A0FEB3
:10546000271268680121A14000EA01082868384035
:1054700020B1B8F1000F01D0012600E0002630462F
:10548000BDE8F08170B505460C46002613488542FC
:1054900005D01348854202D01248854200D104E06D
:1054A00040F2B7611048FAF77BFE40F205208442D3
:1054B0000AD0B4F5837F07D040F20740844203D07E
:1054C00042F21A00844200D104E04FF4D76106484A
:1054D000FAF766FE2612F043286070BD00200140F6
:1054E00000210140002201406CD0000810B50446A4
:1054F000FE4884423AD0FD481830844236D0FB48FA
:105500003030844232D0F948483084422ED0F748B7
:10551000603084422AD0F5487830844226D0F3485F
:105520009030844222D0F148A83084421ED0F04806
:1055300084421BD0EE481830844217D0EC483030FB
:10554000844213D0EA48483084420FD0E8486030A3
:1055500084420BD0E6487830844207D0E44890304B
:10556000844203D0E248A830844200D103E0BF2146
:10557000E048FAF715FE206820F0010020600020C6
:1055800020606060A060E060206121206061D748F9
:10559000844204D13D20D549103988608CE0D3483D
:1055A0001830844205D14FF47460D04910398860B6
:1055B00082E0CE483030844205D14FF47410CB499C
:1055C0001039886078E0C9484830844205D14FF0EE
:1055D0007460C649103988606EE0C4486030844207
:1055E00004D1C548C1491039C86065E0BF4878306A
:1055F000844204D1C148BD491039C8605CE0BB4851
:105600009030844204D1BE48B8491039C86053E094
:10561000B648A830844205D14FF03D50B349103907
:10562000C86049E0B248844204D13D20B0490839FD
:10563000086041E0AE481830844205D14FF47460F0
:10564000AB490839086037E0A9483030844205D1B9
:105650004FF47410A649083908602DE0A44848307A
:10566000844205D14FF07460A1490839086023E0F5
:105670009F486030844204D19F489D49091F0860BB
:105680001AE09B487830844204D19C489849091F0D
:10569000086011E096489030844204D198489449BB
:1056A000091F086008E09248A830844204D14FF0F6
:1056B0003D508F49091F086010BD70B505460C4666
:1056C00000268A4885423AD088481830854236D02C
:1056D00086483030854232D08448483085422ED0CA
:1056E0008248603085422AD080487830854226D072
:1056F0007E489030854222D07C48A83085421ED01A
:105700007B4885421BD07A481830854217D07848AC
:105710003030854213D07648483085420FD07448E7
:10572000603085420BD072487830854207D070488F
:105730009030854203D06E48A830854200D104E005
:105740004FF49E716B48FAF72BFD2068D8B12068A2
:10575000B0F1007F17D02068B0F1806F13D02068BF
:10576000B0F1C06F0FD02068B0F1006F0BD020688F
:10577000B0F1206F07D02068B0F1406F03D02068EF
:10578000B0F1606F00D104E040F23D115948FAF7E2
:1057900007FDE06828B1E068402802D0E068802872
:1057A00000D104E04FF49F715248FAF7F9FC2069E8
:1057B00020B12069B0F5803F00D204E040F23F11F3
:1057C0004C48FAF7EDFC6069B0F5007F01D06069E4
:1057D00000B904E04FF4A0714648FAF7E1FCA06973
:1057E000B0F5806F01D0A06900B904E040F241112A
:1057F0004048FAF7D5FCE06938B1E069B0F5006FD0
:1058000003D0E069B0F5805F00D104E04FF4A171EE
:105810003848FAF7C5FC206A38B1206AB0F5005F55
:1058200003D0206AB0F5804F00D104E040F243116C
:105830003048FAF7B5FC606A18B1606AB0F5807F4D
:1058400000D104E04FF4A2712A48FAF7A9FCA06A3B
:1058500058B1A06AB0F5803F07D0A06AB0F5003F0C
:1058600003D0A06AB0F5403F00D104E040F24511FA
:105870002048FAF795FCE06A10B1E06A042800D1EC
:1058800004E04FF4A3711B48FAF78AFC206B40B187
:10589000206B012805D0206B022802D0206B032842
:1058A00000D104E040F247111248FAF779FC606B2E
:1058B00058B1606BB0F5000F07D0606BB0F1807F1E
:1058C00003D0606BB0F1C07F00D104E04FF4A4714D
:1058D0000848FAF765FCA06BC0B1A06BB0F5001FDB
:1058E00014D0A06BB0F5800F10D00BE01060024018
:1058F00010640240C0D000083D000020400F00208E
:1059000000003D20A06BB0F5C00F00D104E040F2D4
:105910004911FE48FAF744FC2E68FD480640E1684C
:105920002068084361690843A1690843E1690843A5
:10593000216A0843616A0843A16A0843616B08430E
:10594000A16B084306432E606E6926F00706D4E972
:105950000B01084306436E61206968606068A860B7
:10596000A068E86070BD0021016041608160C16095
:10597000016141618161C161016241628162C16213
:10598000016341638163704770B504460D46E14889
:1059900084423AD0DF481830844236D0DD48303077
:1059A000844232D0DB48483084422ED0D94860301F
:1059B00084422AD0D7487830844226D0D5489030C7
:1059C000844222D0D348A83084421ED0D248844298
:1059D0001BD0D1481830844217D0CF483030844291
:1059E00013D0CD48483084420FD0CB486030844239
:1059F0000BD0C9487830844207D0C74890308442E1
:105A000003D0C548A830844200D104E040F2D91147
:105A1000BE48FAF7C5FB0DB1012D00D104E04FF4EB
:105A2000ED71BA48FAF7BCFB25B1206840F00100DF
:105A3000206003E0206820F00100206070BD70B598
:105A400004460D46B34884423AD0B24818308442E6
:105A500036D0B0483030844232D0AE4848308442EC
:105A60002ED0AC48603084422AD0AA487830844294
:105A700026D0A8489030844222D0A648A83084423C
:105A80001ED0A54884421BD0A3481830844217D0AA
:105A9000A1483030844213D09F48483084420FD010
:105AA0009D48603084420BD09B487830844207D0B8
:105AB00099489030844203D09748A830844200D15E
:105AC00004E040F2FD119148FAF76AFB15B1B5F513
:105AD000004F00D104E04FF4FF718C48FAF760FBEF
:105AE00025B1206840F40040206003E0206820F4E5
:105AF0000040206070BD70B504460D468548844264
:105B00003AD084481830844236D0824830308442BB
:105B100032D08048483084422ED07E486030844263
:105B20002AD07C487830844226D07A48903084420B
:105B300022D07848A83084421ED0774884421BD0B7
:105B400075481830844217D073483030844213D0DF
:105B50007148483084420FD06F48603084420BD087
:105B60006D487830844207D06B489030844203D02F
:105B70006948A830844200D104E040F22121634802
:105B8000FAF70EFB0DB1202D00D104E040F22221E6
:105B90005E48FAF705FB25B1206840F02000206040
:105BA00003E0206820F02000206070BD70B504463E
:105BB0000D46584884423AD056481830844236D070
:105BC00054483030844232D05248483084422ED03B
:105BD0005048603084422AD04E487830844226D0E3
:105BE0004C489030844222D04A48A83084421ED08B
:105BF000494884421BD048481830844217D0464850
:105C00003030844213D04448483084420FD0424858
:105C1000603084420BD040487830844207D03E4800
:105C20009030844203D03C48A830844200D104E044
:105C300040F275213548FAF7B3FA656070BD10B5CA
:105C40000446344884423AD032481830844236D030
:105C500030483030844232D02E48483084422ED0F2
:105C60002C48603084422AD02A487830844226D09A
:105C700028489030844222D02648A83084421ED042
:105C8000254884421BD024481830844217D022482B
:105C90003030844213D02048483084420FD01E4810
:105CA000603084420BD01C487830844207D01A48B8
:105CB0009030844203D01848A830844200D104E0D8
:105CC0004FF421711148FAF76BFA606880B210BD89
:105CD00070B504460E4615460E48844242D00D4823
:105CE000183084423ED00B48303084423AD00948C4
:105CF0004830844236D007486030844232D005486C
:105D0000783084422ED00348903007E0C0D000089D
:105D10003F801CF01060024010640240844221D099
:105D2000FE4884421ED0FE4884421BD0FC481830F6
:105D3000844217D0FA483030844213D0F8484830B3
:105D400084420FD0F648603084420BD0F44878305B
:105D5000844207D0F2489030844203D0F048A83003
:105D6000844200D104E040F2D221EE48FAF718FA5A
:105D700015B1B5F5002F00D104E040F2D321E94878
:105D8000FAF70EFA25B1206840F40020206003E005
:105D9000206820F400202060266170BD70B50446A4
:105DA0000D46DE48A838844239D0DC489038844219
:105DB00035D0DA487838844231D0D84860388442C7
:105DC0002DD0D6484838844229D0D448303884422F
:105DD00025D0D2481838844221D0D04884421ED0E1
:105DE000CF4884421BD0CE481830844217D0CC48CC
:105DF0003030844213D0CA48483084420FD0C8485B
:105E0000603084420BD0C6487830844207D0C44802
:105E10009030844203D0C248A830844200D104E0CC
:105E20004FF43C71BF48FAF7BBF90DB1012D00D119
:105E300004E040F2F121BB48FAF7B2F925B120683D
:105E400040F48020206003E0206820F4802020605F
:105E500070BD70B504460E461546B048A838844259
:105E600039D0AE489038844235D0AC487838844236
:105E700031D0AA48603884422DD0A848483884429E
:105E800029D0A6483038844225D0A4481838844206
:105E900021D0A24884421ED0A14884421BD0A048F1
:105EA0001830844217D09E483030844213D09C482A
:105EB000483084420FD09A48603084420BD09848D2
:105EC0007830844207D096489030844203D094487A
:105ED000A830844200D104E040F21A319148FAF728
:105EE0005FF915B1B5F5002F00D104E040F21B3188
:105EF0008C48FAF755F90DB1266100E0E66070BDF7
:105F000070B5044600258548A838844239D08348B6
:105F10009038844235D081487838844231D07F48E7
:105F2000603884422DD07D484838844229D07B484F
:105F30003038844225D079481838844221D07748B7
:105F400084421ED0764884421BD075481830844263
:105F500017D073483030844213D07148483084429F
:105F60000FD06F48603084420BD06D487830844247
:105F700007D06B489030844203D06948A8308442EF
:105F800000D104E040F235316648FAF709F920689B
:105F900000F4002008B1012500E00025284670BD6E
:105FA00070B5044600255D48A838844239D05B4866
:105FB0009038844235D059487838844231D0574897
:105FC000603884422DD055484838844229D05348FF
:105FD0003038844225D051481838844221D04F4867
:105FE00084421ED04E4884421BD04D481830844213
:105FF00017D04B483030844213D04948483084424F
:106000000FD04748603084420BD0454878308442F6
:1060100007D043489030844203D04148A83084429E
:1060200000D104E040F2A2313E48FAF7B9F8206806
:1060300000F0010008B1012500E00025284670BDF0
:1060400070B5044600253548A838844239D0334815
:106050009038844235D031487838844231D02F4846
:10606000603884422DD02D484838844229D02B48AE
:106070003038844225D029481838844221D0274816
:1060800084421ED0264884421BD0254818308442C2
:1060900017D023483030844213D0214848308442FE
:1060A0000FD01F48603084420BD01D4878308442A6
:1060B00007D01B489030844203D01948A83084424E
:1060C00000D104E04FF471711648FAF769F860697D
:1060D00000F03805284670BD2DE9F04105460C4614
:1060E0004FF0000800270D48A838854240D00B48E3
:1060F000903885423CD009487838854238D00748E6
:106100006038854234D005484838854230D003484D
:10611000303885422CD00148183805E0B86002407C
:1061200010640240C0D00008854221D0F948854261
:106130001ED0F94885421BD0F7481830854217D049
:10614000F5483030854213D0F348483085420FD0AF
:10615000F148603085420BD0EF487830854207D057
:10616000ED489030854203D0EB48A830854200D1FD
:1061700004E040F2E131E948FAF712F8E8488442D5
:106180007CD0E7481038844278D0E54818388442FB
:1061900074D0E448844271D0C01E84426ED0E2487C
:1061A00084426BD0E148844268D0E148844265D0A3
:1061B000DB48E030844261D0D948203084425DD051
:1061C000B4F1815F5AD0DB48844257D0DA48844228
:1061D00054D0DA48844251D0D94884424ED0B4F1E8
:1061E000C05F4BD0B4F1A05F48D0B4F1905F45D010
:1061F000B4F1885F42D0B4F1825F3FD0D14884428D
:106200003CD0D0481038844238D0CE481838844228
:1062100034D0001F844231D0C01E84422ED0CA48E0
:1062200084422BD0C948844228D0C948844225D012
:10623000C448E030844221D0C248203084421DD07E
:10624000C44884421AD0C448844217D0C348844208
:1062500014D0C348844211D0C24884420ED0B4F155
:10626000205F0BD0B4F1105F08D0B4F1085F05D007
:10627000B4F1045F02D0B4F1015F00D104E040F258
:10628000E231A648F9F78CFFA348854202D2A14E1D
:10629000B83E01E0A04E103E04F0005008B177680F
:1062A00000E03768B048074007EA040010B14FF03B
:1062B000010801E04FF000084046BDE8F08170B5EC
:1062C00004460D469348A838844239D09148903806
:1062D000844235D08F487838844231D08D48603838
:1062E00084422DD08B484838844229D089483038A0
:1062F000844225D087481838844221D0854884427A
:106300001ED0854884421BD083481830844217D061
:1063100081483030844213D07F48483084420FD0C7
:106320007D48603084420BD07B487830844207D06F
:1063300079489030844203D07748A830844200D115
:1063400004E040F222417548F9F72AFF05F0405079
:10635000B0F1405F07D005F0405020B1834828409D
:1063600008B905B104E040F223416C48F9F718FF81
:106370006948844202D2674EB83E01E0664E103E44
:1063800005F0005018B178482840F06002E07648E7
:106390002840B06070BD70B504460D4616465D4895
:1063A000A838844239D05B489038844235D0594867
:1063B0007838844231D05748603884422DD05548CF
:1063C0004838844229D053483038844225D0514837
:1063D0001838844221D04F4884421ED04E4884420F
:1063E0001BD04D481830844217D04B48303084427F
:1063F00013D04948483084420FD047486030844227
:106400000BD045487830844207D0434890308442CE
:1064100003D04148A830844200D104E040F24F410B
:106420003E48F9F7BDFE25F09E0008B905B104E02D
:106430004FF48A613948F9F7B3FE0EB1012E00D14D
:1064400004E040F251413548F9F7AAFE05F080001A
:1064500048B126B1606940F08000606103E0606986
:1064600020F080006061802D0BD02EB1206805F0F7
:106470001E010843206004E0206805F01E018843E7
:10648000206070BD2DE9F04705460C464FF000082E
:106490000027B9461F48A838854239D01D48903892
:1064A000854235D01B487838854231D0194860384C
:1064B00085422DD017484838854229D015483038B4
:1064C000854225D013481838854221D0114885428D
:1064D0001ED0114885421BD00F481830854217D076
:1064E0000D483030854213D00B48483085420FD0DC
:1064F0000948603085420BD007487830854207D084
:1065000005489030854203D00348A83085422FD1FA
:1065100033E00000B860024010640240C0D00008C0
:10652000200000100400801000080010000400107B
:1065300000020010000010100000081000000410FD
:1065400000000110200000200008002000040020AE
:106550000002002000002020000010200000082081
:1065600000000420000001207D0F7D0F82F082C01A
:1065700040F287418D48F9F713FE8D48844278D068
:106580008C48844275D08C48844272D08B488442B7
:106590006FD08B4884426CD08A48844269D08A4844
:1065A000844266D08948844263D08448FC30844267
:1065B0005FD083483F3084425BD08548844258D0C6
:1065C0008448844255D08448844252D083488442CF
:1065D0004FD0834884424CD08248844249D082487C
:1065E000844246D08148844243D08148844240D08E
:1065F000804884423DD0804884423AD07F488442DB
:1066000037D07F48844234D07E48844231D07E489F
:1066100084422ED07D4884422BD07D48844228D0AD
:106620007C48844225D07748FC30844221D076488B
:106630003F3084421DD0784884421AD07748844243
:1066400017D07748844214D07648844211D07648D7
:1066500084420ED0754884420BD07548844208D0DD
:106660007448844205D07448844202D073488442FE
:1066700000D104E04FF491614C48F9F791FD704866
:10668000854201D26F4E01E06D4E103E6E482040B3
:1066900030B11E2000EAD427286800EA070902E08A
:1066A000686900F0800904F0005008B1776800E0E4
:1066B00037686648074007EA040028B1B9F1000FBF
:1066C00002D04FF0010801E04FF000084046BDE85D
:1066D000F08770B504460D465A48103084423AD0CF
:1066E00058482830844236D056484030844232D010
:1066F0005448583084422ED05248703084422AD0B8
:1067000050488830844226D04E48A030844222D05F
:106710004C48B83084421ED0494884421BD0484877
:106720001830844217D046483030844213D0444851
:10673000483084420FD04248603084420BD04048F9
:106740007830844207D03E489030844203D03C48A1
:10675000A830844200D104E040F2D7411348F9F751
:106760001FFD05F04050B0F1405F07D005F04050EC
:1067700020B11DB13648284000B904E04FF49B61B8
:106780000A48F9F70DFD2E48844201D22D4E01E052
:106790002B4E103E05F0005018B12C482840F060F8
:1067A00002E02A482840B06070BD0000C0D0000858
:1067B000208000101040001008200010041000106D
:1067C000010000900088001000440010002200101A
:1067D000008020100040101000200810001004104D
:1067E00000000190008000180040001400200012FA
:1067F0000010001100004090208000201040002078
:106800000820002004100020010000A000880020C3
:1068100000440020002200200080202000401020A2
:106820000020082000100420000001A000800028A3
:10683000004000240020002200100021000040A0A1
:1068400010640240006002403C0F3C0F7D0F7D0F42
:10685000820082400020B1490860091D0860091DBE
:106860000860091D0860AE48AC49143108607047E3
:1068700070B504460025207910B12079042800D194
:1068800003E07C21A748F9F78BFC6079082805D044
:1068900060790C2802D06079102800D103E07D21B6
:1068A000A048F9F77DFC20686FF3160010B9206846
:1068B00000B103E07E219B48F9F772FCA07910B18A
:1068C000A079012800D103E07F219648F9F768FC00
:1068D000924DA07990B328460068216888432946E4
:1068E0000860081D006821688843291D0860207918
:1068F00005442868216808432860884808300068F3
:1069000021688843854908310860081D00682168AE
:10691000884382490C310860607910280FD1081F24
:106920000068216808437D4908310860081D006837
:106930002168084379490C3108600EE007E0774D83
:1069400060790544286821680843286005E02079BB
:106950000544286821688843286070BD00210160D3
:1069600001710C21417100218171704710B50446FD
:10697000E00DC00508B904B103E0C1216948F9F789
:106980000FFC6648103000682043644910310860ED
:1069900010BD70B504460025012C3AD0022C38D029
:1069A000042C36D0082C34D0102C32D0202C30D0EF
:1069B000402C2ED0802C2CD0B4F5807F29D0B4F57B
:1069C000007F26D0B4F5806F23D0B4F5006F20D0BF
:1069D000B4F5805F1DD0B4F5005F1AD0B4F5804FD8
:1069E00017D0B4F5004F14D0B4F5803F11D0B4F5F2
:1069F000003F0ED0B4F5802F0BD0B4F5002F08D097
:106A0000B4F5801F05D0B4F5001F02D0B4F5800F97
:106A100000D103E0E0214348F9F7C2FB3F481430BE
:106A20000068204008B1012500E00025284670BD1F
:106A300010B50446E00DC00508B904B103E0F62125
:106A40003848F9F7ADFB35481430046010BD70B517
:106A5000044600250026012C3AD0022C38D0042C04
:106A600036D0082C34D0102C32D0202C30D0402CF2
:106A70002ED0802C2CD0B4F5807F29D0B4F5007FA7
:106A800026D0B4F5806F23D0B4F5006F20D0B4F5D4
:106A9000805F1DD0B4F5005F1AD0B4F5804F17D0D9
:106AA000B4F5004F14D0B4F5803F11D0B4F5003FD9
:106AB0000ED0B4F5802F0BD0B4F5002F08D0B4F56C
:106AC000801F05D0B4F5001F02D0B4F5800F00D1AF
:106AD00004E04FF483711348F9F762FB0F48006834
:106AE00000EA04060D4814300068204010B10EB1D1
:106AF000012500E00025284670BD10B50446E00DD4
:106B0000C00508B904B104E040F21D110548F9F7C9
:106B100047FB02481430046010BD0000003C0140F7
:106B2000FFFF7F0014D1000810B50446FA488442E4
:106B300017D0FA48844214D0F948844211D0F94859
:106B400084420ED0F84884420BD0F848844208D0E2
:106B5000F748844205D0F748844202D0F648844280
:106B600000D103E07B21F548F9F71AFBEA4884429B
:106B700008D10121084601F0C1F80021012001F0EF
:106B8000BDF85EE0E548844208D10121022001F011
:106B9000B5F80021022001F0B1F852E0E04884424B
:106BA00008D10121042001F0A9F80021042001F0FE
:106BB000A5F846E0DB48844208D10121082001F015
:106BC0009DF80021082001F099F83AE0D648844267
:106BD00008D10121102001F091F80021102001F0CE
:106BE0008DF82EE0D148844208D10121202001F007
:106BF00085F80021202001F081F822E0CC48844271
:106C000008D10121402001F079F80021402001F055
:106C100075F816E0C748844208D10121802001F0B0
:106C20006DF80021802001F069F80AE0C248844232
:106C300007D10121801501F061F80021A01501F0B4
:106C40005DF810BD2DE9F04104460D4600260027F1
:106C5000B046B148844217D0B048844214D0B048FE
:106C6000844211D0AF4884420ED0AF4884420BD04A
:106C7000AE48844208D0AE48844205D0AD48844234
:106C800002D0AD48844200D103E0BB21AB48F9F704
:106C900087FA002010B9286800B103E0BC21A7489A
:106CA000F9F77EFA287940B12879012805D02879AA
:106CB000022802D02879032800D103E0BD219F4893
:106CC000F9F76EFAE87928B1E879012802D0E87975
:106CD000022800D103E0BE219848F9F761FA0026A6
:106CE00057E0012000FA06F7286800EA0708B845CF
:106CF0004ED120687200032191408843206028799A
:106D0000710088402168084320602879012802D05A
:106D10002879022830D1687940B16879012805D0F6
:106D20006879022802D06879032800D103E0D021D5
:106D30008248F9F735FAA068720003219140884330
:106D4000A060687971008840A1680843A060A879B4
:106D500010B1A879012800D103E0D7217748F9F7CD
:106D60001FFA61680120B040814361606068A979C1
:106D7000B14089B208436060E0687200032191402D
:106D80008843E060E87971008840E1680843E0608A
:106D9000761C102EA5D3BDE8F0814FF6FF7101607F
:106DA0000021017141718171C171704738B504468C
:106DB0000D464FF4803000905748844217D0574812
:106DC000844214D05648844211D0564884420ED092
:106DD000554884420BD05548844208D054488442D8
:106DE00005D05448844202D05348844200D104E084
:106DF0004FF482715148F9F7D3F9002008B905B171
:106E000004E040F205114D48F9F7CAF9009828430B
:106E100000900098E061E5610098E061E069009011
:106E2000E069009038BD70B505460C4600263A482A
:106E3000854217D03948854214D03948854211D04F
:106E4000384885420ED0384885420BD037488542B5
:106E500008D03748854205D03648854202D03648AA
:106E6000854200D104E04FF498713448F9F798F95D
:106E7000012C25D0022C23D0042C21D0082C1FD08B
:106E8000102C1DD0202C1BD0402C19D0802C17D0BA
:106E9000B4F5807F14D0B4F5007F11D0B4F5806FC5
:106EA0000ED0B4F5006F0BD0B4F5805F08D0B4F508
:106EB000005F05D0B4F5804F02D0B4F5004F00D18B
:106EC00004E040F231111D48F9F76AF928692040C1
:106ED00008B1012600E00026304670BD10B504461A
:106EE0000D48844217D00D48844214D00C48844287
:106EF00011D00C4884420ED00B4884420BD00B4872
:106F0000844208D00A48844205D00A48844202D00C
:106F10000948844214D118E00000024000040240F5
:106F200000080240000C0240001002400014024021
:106F300000180240001C02400020024068D10008F6
:106F40004FF4A371FE48F9F72BF9206980B210BD08
:106F500070B505460C460026FA48854217D0FA4817
:106F6000854214D0F948854211D0F94885420ED0A7
:106F7000F84885420BD0F848854208D0F74885424A
:106F800005D0F748854202D0F648854200D104E09A
:106F900040F25711EA48F9F703F9012C25D0022CE9
:106FA00023D0042C21D0082C1FD0102C1DD0202C35
:106FB0001BD0402C19D0802C17D0B4F5807F14D072
:106FC000B4F5007F11D0B4F5806F0ED0B4F5006F2A
:106FD0000BD0B4F5805F08D0B4F5005F05D0B4F5F0
:106FE000804F02D0B4F5004F00D104E04FF4AC71F3
:106FF000D348F9F7D5F86869204008B1012600E0C8
:107000000026304670BD10B50446CE48844217D0E5
:10701000CD48844214D0CD48844211D0CC4884421B
:107020000ED0CC4884420BD0CB48844208D0CB4809
:10703000844205D0CA48844202D0CA48844200D162
:1070400004E040F26D11BE48F9F7AAF8606980B219
:1070500010BD70B504460D46BA48844217D0BA48F0
:10706000844214D0B948844211D0B94884420ED029
:10707000B84884420BD0B848844208D0B74884420C
:1070800005D0B748844202D0B648844200D104E01B
:1070900040F27F11AA48F9F783F8002008B905B13A
:1070A00004E04FF4C071A648F9F77AF8258370BD63
:1070B00070B504460D46A348844217D0A2488442C6
:1070C00014D0A248844211D0A14884420ED0A148D5
:1070D00084420BD0A048844208D0A048844205D006
:1070E0009F48844202D09F48844200D104E04FF47C
:1070F000C9719348F9F754F8002008B905B104E0C4
:1071000040F293118E48F9F74BF8658370BD70B566
:1071100005460C4616468B48854217D08A4885425C
:1071200014D08A48854211D0894885420ED08948BA
:1071300085420BD08848854208D08848854205D0D2
:107140008748854202D08748854200D104E04FF449
:10715000D3717B48F9F724F8012C25D0022C23D0D9
:10716000042C21D0082C1FD0102C1DD0202C1BD07B
:10717000402C19D0802C17D0B4F5807F14D0B4F5F2
:10718000007F11D0B4F5806F0ED0B4F5006F0BD036
:10719000B4F5805F08D0B4F5005F05D0B4F5804F3A
:1071A00002D0B4F5004F00D104E040F2A7116448CA
:1071B000F8F7F6FF0EB1012E00D104E04FF4D471C0
:1071C0005F48F8F7EDFF0EB12C8300E06C8370BDD3
:1071D00070B504460D465B48844217D05A48844235
:1071E00014D05A48844211D0594884420ED059488C
:1071F00084420BD05848844208D05848844205D075
:107200005748844202D05748844200D104E040F2FB
:10721000BD114B48F8F7C4FF656170BD70B50446F9
:107220000D464848844217D04748844214D0474806
:10723000844211D0464884420ED0464884420BD046
:107240004548844208D04548844205D04448844299
:1072500002D04448844200D104E040F2CB113848C7
:10726000F8F79EFF60696840606170BD2DE9F041EC
:1072700006460D4614460027B8463248864217D0C7
:107280003148864214D03148864211D03048864277
:107290000ED0304886420BD02F48864208D02F4867
:1072A000864205D02E48864202D02E48864200D122
:1072B00004E040F217212248F8F772FFEDB1012DEA
:1072C0001BD0022D19D0032D17D0042D15D0052D5C
:1072D00013D0062D11D0072D0FD0082D0DD0092D5C
:1072E0000BD00A2D09D00B2D07D00C2D05D00D2D5C
:1072F00003D00E2D01D00F2D00D104E04FF4067104
:107300000F48F8F74DFF7CB3092C47D064B35CB34A
:1073100054B34CB3012C41D040D0022C3ED03DD0D0
:107320003CD0032C3AD0042C38D037D036D0052CA2
:1073300034D033D0092C31D0062C2FD0092C14E0B6
:1073400068D100080000024000040240000802402A
:10735000000C0240001002400014024000180240DD
:10736000001C02400020024018E017D0072C15D066
:1073700014D013D0082C11D010D00FD0092C0DD060
:107380000CD00A2C0AD009D00B2C07D00C2C05D01D
:1073900004D003D00D2C01D00F2C00D104E040F21A
:1073A00019211248F8F7FCFE6807C00E04FA00F72E
:1073B000E91006F1200050F821006907CA0E0F21DC
:1073C00091408843EA1006F1200141F82200E910BB
:1073D00006F1200050F8210040EA0708E91006F104
:1073E000200040F82180BDE8F081000068D100084D
:1073F000F948006840F00100F74908600020F649AC
:1074000008310860F4480068F4490840F24908600F
:10741000F348091D0860081F006820F48020091F38
:1074200008600020EC490C310860704710B5044634
:107430001CB1012C01D0052C00D103E0F021E9485A
:10744000F8F7AEFE0020E449891C08700846047075
:1074500010BD2DE9F0410446002500260027212C0F
:1074600017D0312C15D0392C13D0412C11D0612CD0
:107470000FD0792C0DD07A2C0BD07B2C09D07C2C02
:1074800007D07D2C05D07E2C03D07F2C01D03B2C47
:1074900000D104E040F29C61D248F8F781FE65110A
:1074A000012D02D1CC48066808E0022D03D1CA485C
:1074B0007030066802E0C8487430066804F01F05A2
:1074C0000120A840304008B1012700E000273846DD
:1074D000BDE8F08138B5002000900024002500BFF1
:1074E0003120FFF7B6FF05460098401C0090009839
:1074F000B0F5A06F01D0002DF2D03120FFF7A9FF29
:1075000008B1012400E00024204638BD70B50446CF
:1075100000251F2C00DC04E04FF49471B148F8F70B
:107520003FFEAD48056825F0F80545EAC40505604D
:1075300070BD10B504460CB1012C00D104E040F23E
:107540004B11A848F8F72CFEA748046010BD10B5F1
:1075500004461CB1012C01D0042C00D104E04FF4EE
:10756000B271A048F8F71CFE00209B4970310870EA
:107570000870012C02D0042C0AD104E001209649A5
:107580007031087005E0052093497031087000E003
:1075900000BF00BF10BD10B504460CB1012C00D1D6
:1075A00004E04FF4C6718F48F8F7FAFD8F48046085
:1075B00010BD2DE9F04105460F4616461C46DDF884
:1075C000188015B1B5F5800F00D104E040F2B71175
:1075D0008448F8F7E5FD3F2F00D804E04FF4DC7154
:1075E0008048F8F7DDFDC02E03D3B6F5D87F00D86C
:1075F00004E040F2B9117B48F8F7D2FD022C05D027
:10760000042C03D0062C01D0082C00D104E04FF448
:10761000DD717448F8F7C4FDB8F1040F03D3B8F175
:107620000F0F00D804E040F2BB116E48F8F7B8FD28
:1076300047EA86100121C1EB540140EA014028438A
:1076400040EA08606449091D0860BDE8F08110B592
:1076500004460CB1012C00D104E04FF4E7716148FD
:10766000F8F79EFD6048046610BD70B505460C46EF
:10767000C02D03D3B5F5D87F00D804E04FF4F471E2
:107680005848F8F78DFD022C02D3072C00D804E0EF
:1076900040F2E9115348F8F783FDA80140EA04706D
:1076A0004D498431086070BD10B504460CB1012C01
:1076B00000D104E040F2F7114A48F8F771FD4A485A
:1076C000846610BD10B504460CB1012C00D104E055
:1076D00040F209214348F8F763FD4348C46410BDF4
:1076E00070B505460C46002645B1B5F5001F05D01E
:1076F000B5F5800F02D0B5F5C00F00D104E04FF40E
:1077000009713848F8F74CFD5CB1B4F1806F08D0CE
:10771000B4F1A06F05D0B4F1C06F02D0B4F1E06F46
:1077200000D104E040F225212E48F8F739FD2A481F
:107730000830066826F0EC6645EA04000643264851
:107740000830066070BD70B505460C46002645B190
:10775000B5F1804F05D0B5F1004F02D0B5F1404FE3
:1077600000D104E040F24A211E48F8F719FD5CB14F
:10777000B4F1005F08D0B4F1205F05D0B4F1405FF0
:1077800002D0B4F1605F00D104E040F24B21154813
:10779000F8F706FD10480830066826F0784645EAF6
:1077A000040006430C480830066070BD70B50446FE
:1077B00000251CB1012C01D0022C00D104E04FF4B3
:1077C0002D710848F8F7ECFC03480830056825F0EF
:1077D00003052543056070BD00380240FFFFF6FE3B
:1077E00010300024BCD1000800004742800E474200
:1077F000F648006800F00C00704770B5044600259C
:107800007CB1802C0DD0902C0BD0A02C09D0B02CAA
:1078100007D0C02C05D0D02C03D0E02C01D0F02C08
:1078200000D104E040F2E921E948F8F7B9FCE74863
:10783000056825F0F0052543056070BD70B5044668
:1078400000255CB1B4F5805F08D0B4F5A05F05D029
:10785000B4F5C05F02D0B4F5E05F00D104E040F2BF
:107860000931DB48F8F79CFCD848056825F4E05559
:107870002543056070BD70B5044600255CB1B4F5C4
:10788000805F08D0B4F5A05F05D0B4F5C05F02D02A
:10789000B4F5E05F00D104E04FF44A71CC48F8F74A
:1078A0007FFCCA48056825F4604545EAC4050560C3
:1078B00070BDF0B50021002200240225002602231D
:1078C000C24F3F6807F00C0121B1042905D00829F7
:1078D00037D105E0BF4F076036E0BF4F076033E0A8
:1078E000BA4F3F1F3F68C7F38056B84F3F1F3F68EE
:1078F00007F03F036EB1B84FB7FBF3F7DFF8CCC228
:10790000ACF1040CDCF800C0CCF3881C07FB0CF4D1
:107910000CE0B04FB7FBF3F7DFF8B0C2ACF1040CEA
:10792000DCF800C0CCF3881C07FB0CF4A74F3F1F0A
:107930003F68C7F301477F1C7D00B4FBF5F7076084
:1079400002E0A44F076000BF00BFA04F3F6807F0F0
:10795000F0010909A14F7A5C0768D74047609B4F47
:107960003F6807F4E051890A9C4F7A5C4768D7402A
:107970008760964F3F6807F46041490B974F7A5CE8
:107980004768D740C760F0BD70B504460025B4F520
:10799000807F5CD0B4F5007F59D09148844256D0A6
:1079A0009048844253D09048844250D08F488442BB
:1079B0004DD08F4884424AD08E48844247D08E486A
:1079C000844244D08D48844241D08D4884423ED088
:1079D0008C4884423BD08C48844238D08B488442C7
:1079E00035D08B48844232D08A4884422FD08A488E
:1079F00084422CD08948844229D08948844226D0A8
:107A00008848844223D08848844220D087488442D2
:107A10001DD0874884421AD08648844217D08648B1
:107A2000844214D08548844211D0854884420ED0C7
:107A3000844884420BD08448844208D083488442DE
:107A400005D08348844202D08248844200D104E0B9
:107A500040F2D9315E48F8F7A3FB04F44070B0F56A
:107A6000407F09D15948056825F4F8157A4904EA98
:107A70000100054355480560544868300068C4F368
:107A80000B01084351496831086070BD10B50446C8
:107A90000CB1012C00D104E040F2F7314C48F8F76A
:107AA0007FFB6E48046010BD10B504460CB1012C7C
:107AB00000D104E04FF481614548F8F771FB674855
:107AC000001D046010BD10B504460CB1012C00D19E
:107AD00004E040F219413E48F8F762FB6048046058
:107AE00010BD70B504460D465E48204008B904B18B
:107AF00004E04FF488613648F8F752FB0DB1012DD0
:107B000000D104E040F242413148F8F749FB3DB171
:107B10002E482830006820432C492831086006E0B0
:107B20002A4828300068A04328492831086070BDE1
:107B300070B504460D4624F0F10008B904B104E024
:107B40004FF48C612248F8F72BFB0DB1012D00D1C9
:107B500004E040F261411E48F8F722FB3DB11B48AA
:107B60002C300068204319492C31086006E0174882
:107B70002C300068A04315492C31086070BD70B5E9
:107B800004460D4624F0010008B904B104E040F2B7
:107B90007B410F48F8F704FB0DB1012D00D104E043
:107BA00040F27C410A48F8F7FBFA3DB10748303013
:107BB0000068204305493031086006E00348303052
:107BC0000068A04301493031086070BD08380240A8
:107BD000BCD100080024F40000127A00B801002093
:107BE000000302000003030000030400000305007B
:107BF000000306000003070000030800000309005B
:107C000000030A0000030B0000030C0000030D003A
:107C100000030E0000030F0000031000000311001A
:107C200000031200000313000003140000031500FA
:107C300000031600000317000003180000031900DA
:107C400000031A0000031B0000031C0000031D00BA
:107C500000031E0000031F00FFFCFF0F3C0E474205
:107C60005C01474200EE8B8170B504460D46FA4830
:107C7000204008B904B104E040F2AD41F748F8F7FC
:107C80008FFA0DB1012D00D104E040F2AE41F3486E
:107C9000F8F786FA2DB1F24800682043F0490860F1
:107CA00004E0EF480068A043ED49086070BD70B57E
:107CB00004460D46EB48204008B904B104E040F208
:107CC000D541E648F8F76CFA0DB1012D00D104E07A
:107CD00040F2D641E148F8F763FA3DB1E048001DB3
:107CE00000682043DE49091D086006E0DC48001DED
:107CF0000068A043DA49091D086070BD70B50446EC
:107D00000D46D948204008B904B104E040F2FC41D6
:107D1000D248F8F745FA0DB1012D00D104E040F248
:107D2000FD41CE48F8F73CFA3DB1CD483038006807
:107D30002043CB493039086006E0C9483038006834
:107D4000A043C7493039086070BD70B504460D4680
:107D500024F0F10008B904B104E040F21951BF4821
:107D6000F8F71EFA0DB1012D00D104E040F21A51CE
:107D7000BA48F8F715FA3DB1B9482C3800682043E5
:107D8000B7492C39086006E0B5482C380068A04394
:107D9000B3492C39086070BD70B504460D4624F017
:107DA000010008B904B104E040F23151AB48F8F7E2
:107DB000F7F90DB1012D00D104E040F23251A7488E
:107DC000F8F7EEF93DB1A648283800682043A449E9
:107DD0002839086006E0A24828380068A043A04976
:107DE0002839086070BD70B504460D469A48204099
:107DF00008B904B104E04FF4AC619848F8F7D0F941
:107E00000DB1012D00D104E040F261519348F8F723
:107E1000C7F93DB192482038006820439049203985
:107E2000086006E08E4820380068A0438C4920395D
:107E3000086070BD70B504460D468C48204008B9F6
:107E400004B104E040F284518448F8F7A9F90DB177
:107E5000012D00D104E040F285518048F8F7A0F9E7
:107E60003DB17F481C38006820437D491C390860BB
:107E700006E07B481C380068A04379491C3908603B
:107E800070BD70B504460D467948204008B904B16C
:107E900004E040F2B2517148F8F782F90DB1012DBA
:107EA00000D104E040F2B3516C48F8F779F93DB1E4
:107EB0006B4810300068204369491031086006E0C3
:107EC000674810300068A04365491031086070BDF4
:107ED00070B504460D4624F0F10008B904B104E081
:107EE00040F2D2515D48F8F75BF90DB1012D00D198
:107EF00004E040F2D3515948F8F752F93DB15848DF
:107F000014300068204356491431086006E0544894
:107F100014300068A04352491431086070BD70B538
:107F200004460D4624F0010008B904B104E040F213
:107F3000ED514A48F8F734F90DB1012D00D104E0B4
:107F400040F2EE514548F8F72BF93DB1444818305E
:107F50000068204342491831086006E04048183064
:107F60000068A0433E491831086070BD70B50446F2
:107F70000D463948204008B904B104E040F21F61C1
:107F80003648F8F70DF90DB1012D00D104E04FF49A
:107F9000C4613248F8F704F93DB131482030006837
:107FA00020432F492031086006E02D48203000682A
:107FB000A0432B492031086070BD70B504460D46C2
:107FC0002848204008B904B104E040F24761234842
:107FD000F8F7E6F80DB1012D00D104E04FF4C961C6
:107FE0001E48F8F7DDF83DB11D48243000682043F5
:107FF0001B492431086006E0194824300068A0437A
:1080000017492431086070BD70B504460D4604F070
:10801000C00008B904B104E040F274610F48F8F7F9
:10802000BFF80DB1012D00D104E040F275610B489D
:10803000F8F7B6F83DB10A483338007820430849CC
:108040003339087006E0064833380078A043044905
:108050003339087070BD0000003601C9BCD100087A
:1080600040380240CCA0F8FF00EE9FDDCCA6F8FF20
:10807000006E98811B48006840F0807019490860C4
:10808000704770B504460025012C0BD0022C09D096
:10809000042C07D0082C05D0102C03D0802C01D044
:1080A000202C00D104E040F2DA610F48F8F778F8AC
:1080B0000C4868380068204008B1012500E0002520
:1080C000284670BD10B5044604F0400008B904B15C
:1080D00004E040F2F9610448F8F762F801486638B4
:1080E000047010BD74380240BCD1000810B50446BD
:1080F000FE48844226D0B4F1804F23D0FC4884420D
:1081000020D0FC4884421DD0FB4884421AD0FB4852
:10811000844217D0FA48844214D0FA48844211D0DD
:10812000F94884420ED0F94884420BD0F848844282
:1081300008D0F848844205D0F748844202D0F74876
:10814000844200D103E0C521F548F8F729F8E74853
:10815000844208D101210846FFF76CFE002101206E
:10816000FFF768FE9DE0B4F1804F08D10121084679
:10817000FFF739FE00210120FFF735FE91E0DC48D2
:10818000844208D101210220FFF72DFE00210220A8
:10819000FFF729FE85E0D748844208D10121042059
:1081A000FFF721FE00210420FFF71DFE79E0D248F1
:1081B000844208D101210820FFF715FE0021082084
:1081C000FFF711FE6DE0CD48844208D10121102057
:1081D000FFF709FE00211020FFF705FE61E0C84807
:1081E000844208D101212020FFF7FDFD002120203D
:1081F000FFF7F9FD55E0C348844208D10121022070
:10820000FFF718FE00210220FFF714FE49E0BE48E8
:10821000844209D101210804FFF70CFE00214FF42C
:108220008030FFF707FE3CE0B848844209D10121C5
:108230004804FFF7FFFD00214FF40030FFF7FAFD7F
:108240002FE0B348844209D101218804FFF7F2FDF1
:1082500000214FF48020FFF7EDFD22E0AD4884427D
:1082600008D101214020FFF7BEFD00214020FFF78B
:10827000BAFD16E0A848844208D101218020FFF70A
:10828000B2FD00218020FFF7AEFD0AE0A348844242
:1082900007D101218015FFF7A6FD0021A015FFF7EA
:1082A000A2FD10BD70B504460D4600268F488442DD
:1082B00026D0B4F1804F23D08D48844220D08D4801
:1082C00084421DD08C4884421AD08C48844217D0F6
:1082D0008B48844214D08B48844211D08A4884420F
:1082E0000ED08A4884420BD08948844208D08948FD
:1082F000844205D08848844202D08848844200D114
:1083000004E040F21F118648F7F74AFF688858B129
:108310006888102808D06888202805D068884028F8
:1083200002D06888602800D104E04FF490717C4846
:10833000F7F736FF288938B12889B0F5807F03D058
:108340002889B0F5007F00D104E040F22111744883
:10835000F7F726FF2688654884420ED06948844294
:108360000BD0B4F1804F08D06148844205D06148F9
:10837000844202D06048844204D14FF68F70064098
:10838000688806435D48844207D05D48844204D033
:108390004FF6FF4006402889064326806868E06261
:1083A000288820855148844202D05648844201D111
:1083B000A87A20860120A08270BD4FF0FF31416075
:1083C00000210180018141808172704770B50446AF
:1083D0000E4615464548844226D0B4F1804F23D03E
:1083E0004348844220D0434884421DD042488442BE
:1083F0001AD04248844217D04148844214D04148A0
:10840000844211D0404884420ED0404884420BD070
:108410003F48844208D03F48844205D03E488442C9
:1084200002D03E48844200D104E040F265113C484D
:10843000F7F7B6FE0DB1012D00D104E04FF4B37192
:108440003748F7F7ADFE2685A58270BD70B50446A6
:108450000D460026254884420ED0B4F1804F0BD043
:108460002348844208D02348844205D022488442CD
:1084700002D02448844200D104E04FF4BF71284860
:10848000F7F78EFE3DB1102D05D0202D03D0402DE5
:1084900001D0602D00D104E040F27F112048F7F7B1
:1084A0007FFE26884FF68F7006402E43268070BDD3
:1084B00070B504460D460D48844243D0B4F1804F58
:1084C00040D00B4884423DD00A4884423AD00A4802
:1084D000844237D00948844234D00948844231D09C
:1084E000084884422ED0084884421BE00000014026
:1084F0000004004000080040000C00400010004054
:1085000000140040000401400040014000440140CC
:108510000048014000180040001C004000200040BE
:1085200010D200080ED0FC4884420BD0FB48844295
:1085300008D0FB48844205D0FA48844202D0FA4869
:10854000844200D104E04FF4CB71F848F7F728FEDD
:10855000656270BD70B504460D46F548844226D06C
:10856000B4F1804F23D0F348844220D0F2488442B3
:108570001DD0F24884421AD0F148844217D0F14805
:10858000844214D0F048844211D0F04884420ED086
:10859000E14884420BD0E148844208D0E04884425C
:1085A00005D0E048844202D0DF48844200D104E094
:1085B00040F2A511DD48F7F7F3FDE56270BD10B597
:1085C0000446DB48844226D0B4F1804F23D0D948FA
:1085D000844220D0D84884421DD0D84884421AD042
:1085E000D748844217D0D748844214D0D648844212
:1085F00011D0D64884420ED0C74884420BD0C74819
:10860000844208D0C648844205D0C648844202D07D
:10861000C548844200D104E040F2B311C348F7F7E3
:10862000BFFD606A10BD10B50446C148844226D023
:10863000B4F1804F23D0BF48844220D0BE4884424A
:108640001DD0BE4884421AD0BD48844217D0BD48D0
:10865000844214D0BC48844211D0BC4884420ED01D
:10866000AD4884420BD0AD48844208D0AC48844227
:1086700005D0AC48844202D0AB48844200D104E02B
:1086800040F2C111A948F7F78BFD208D10BD70B5E0
:1086900004460D46A648844226D0B4F1804F23D02C
:1086A000A448844220D0A44884421DD0A3488442D8
:1086B0001AD0A348844217D0A248844214D0A248BA
:1086C000844211D0A14884420ED0934884420BD0FA
:1086D0009248844208D09248844205D0914884420E
:1086E00002D09148844200D104E040F2D1118F4879
:1086F000F7F756FD0DB1012D00D104E04FF4E971FB
:108700008A48F7F74DFD25B1208840F0020020800F
:1087100004E020884FF6FD710840208070BD70B5E0
:1087200004460D468248844226D0B4F1804F23D0BF
:108730008048844220D0804884421DD07F488442B3
:108740001AD07F48844217D07E48844214D07E4895
:10875000844211D07D4884420ED06F4884420BD0B1
:108760006E48844208D06E48844205D06D488442E9
:1087700002D06D48844200D104E04FF4F7716B4899
:10878000F7F70EFD0DB1012D00D104E040F2EF111D
:108790006648F7F705FD25B1208840F004002080E9
:1087A00004E020884FF6FB710840208070BD70B552
:1087B00004460D465E48844226D0B4F1804F23D053
:1087C0005C48844220D05C4884421DD05B4884428F
:1087D0001AD05B48844217D05A48844214D05A4871
:1087E000844211D0594884420ED04B4884420BD069
:1087F0004A48844208D04A48844205D049488442C5
:1088000002D04948844200D104E040F207214748A1
:10881000F7F7C6FC0DB1012D00D104E04FF4027151
:108820004248F7F7BDFC25B1208840F08000208049
:1088300004E020884FF67F710840208070BD70B53D
:1088400004460D463A48844226D0B4F1804F23D0E6
:108850003848844220D0384884421DD0374884426A
:108860001AD03748844217D03648844214D036484C
:10887000844211D0354884420ED0274884420BD020
:108880002648844208D02648844205D025488442A0
:1088900002D02548844200D104E040F2222123483E
:1088A000F7F77EFC082D00D005B904E040F2232143
:1088B0001E48F7F775FC20884FF6F77108402080B6
:1088C00020882843208070BD70B504460D461848A6
:1088D000844220D0B4F1804F1DD0164884421AD073
:1088E0001548844217D01548844214D01648844253
:1088F00011D0164884420ED0074884420BD0074856
:10890000844208D00648844205D00648844202D0FA
:10891000054884421CD120E0004401400048014049
:1089200000180040001C00400020004010D2000849
:10893000000001400004004000080040000C00401E
:1089400000100040001400400004014000400140BD
:1089500040F23921FC48F7F723FC2DB1B5F5807FB3
:1089600002D0B5F5007F00D104E040F23A21F6488C
:10897000F7F716FC20884FF6FF410840208020883A
:108980002843208070BD70B504460D46EF488442F0
:1089900026D0B4F1804F23D0ED48844220D0ED485A
:1089A00084421DD0EC4884421AD0EC48844217D04F
:1089B000EB48844214D0EB48844211D0EA48844208
:1089C0000ED0EA4884420BD0E948844208D0E948F6
:1089D000844205D0E848844202D0E848844200D16D
:1089E00004E040F24D21D848F7F7DAFB0DB1012D34
:1089F00000D104E040F24E21D348F7F7D1FB25B176
:108A0000208840F00100208004E020884FF6FE71AD
:108A10000840208070BD2DE9F04105460C464FF01E
:108A2000000800260027C948854220D0B5F1804FB4
:108A30001DD0C74885421AD0C648854217D0C648BF
:108A4000854214D0C748854211D0C74885420ED010
:108A5000C64885420BD0C648854208D0C5488542E5
:108A600005D0C548854202D0C448854200D104E003
:108A700040F29E21B448F7F793FB208870B120881C
:108A800010280BD02088202808D02088302805D036
:108A90002088602802D02088702800D104E040F2AD
:108AA0009F21A948F7F77CFB608810B160880128F6
:108AB00000D104E04FF42871A348F7F771FBA089B7
:108AC00010B1A089022800D104E040F2A1219E4803
:108AD000F7F766FB288C4FF6FE71084028842E8C31
:108AE000AF88B5F818804FF68F7008EA0008881E26
:108AF00008EA0008208840EA0808481E0640A089C5
:108B00000643608806439148854202D095488542D5
:108B100041D1A08810B1A088042800D104E040F21F
:108B2000BE218948F7F73CFBE08910B1E0890828AD
:108B300000D104E040F2BF218348F7F731FB608A9F
:108B4000B0F5007F01D0608A00B904E04FF43071C5
:108B50007D48F7F725FB208AB0F5807F01D0208A79
:108B600000B904E040F2C1217748F7F719FB4FF64E
:108B7000F7700640E08906434FF6FB700640A08878
:108B800006434FF6FF6007404FF6FF500740208A2C
:108B90000743608A0743AF80A5F81880A068686320
:108BA0002E84BDE8F0812DE9F04105460C464FF0DA
:108BB0000008002600276548854214D0B5F1804F93
:108BC00011D0634885420ED0624885420BD062487E
:108BD000854208D06348854205D06348854202D06B
:108BE0006448854200D104E040F2EF215648F7F78F
:108BF000D7FA208870B1208810280BD02088202830
:108C000008D02088302805D02088602802D020880D
:108C1000702800D104E04FF43C714B48F7F7C0FADC
:108C2000608810B16088012800D104E040F2F12191
:108C30004548F7F7B5FAA08910B1A089022800D1FC
:108C400004E040F2F2214048F7F7AAFA288C4FF6E8
:108C5000EF71084028842E8CAF88B5F8188048F64C
:108C6000FF7008EA00084FF6FF4008EA0008208875
:108C70004FF6FF7101EA002040EA08084FF6DF7066
:108C80000640A08901EA00100643608801EA00104E
:108C900006432E48854202D0324885424BD1A088F7
:108CA00010B1A088042800D104E04FF44471264894
:108CB000F7F776FAE08910B1E089082800D104E0DE
:108CC00040F211312048F7F76BFA608AB0F5007F67
:108CD00001D0608A00B904E040F212311A48F7F777
:108CE0005FFA208AB0F5807F01D0208A00B904E0C5
:108CF00040F213311448F7F753FA4FF67F700640ED
:108D0000E0894FF6FF7101EA001006434FF6BF708D
:108D10000640A08801EA001006434FF6FF300740E6
:108D20004FF2FF700740208A01EA80000743608A03
:108D300001EA80000743AF80A5F81880A068A86307
:108D40002E84BDE8F081000010D200080000014030
:108D50000004004000080040000C004000100040EB
:108D60000014004000040140004001400044014064
:108D70000048014000180040001C00400020004056
:108D80002DE9F04105460C464FF00008002600276B
:108D9000FE4885420ED0B5F1804F0BD0FC4885428D
:108DA00008D0FC48854205D0FB48854202D0FB48EC
:108DB000854200D104E04FF45071F948F7F7F0F91B
:108DC000208870B1208810280BD02088202808D057
:108DD0002088302805D02088602802D0208870287C
:108DE00000D104E040F24131ED48F7F7D9F960884D
:108DF00010B16088012800D104E040F24231E84817
:108E0000F7F7CEF9A08910B1A089022800D104E0BB
:108E100040F24331E248F7F7C3F9288C4FF6FF617F
:108E2000084028842E8CAF88B5F81C804FF68F70D0
:108E300008EA00084FF6FC7008EA0008208840EABB
:108E400008084FF6FF500640A0894FF6FF7101EA6F
:108E500000200643608801EA00200643CB48854293
:108E600002D0CE4885424BD1A08810B1A0880428FA
:108E700000D104E04FF45871C948F7F791F9E0893F
:108E800010B1E089082800D104E040F26131C44803
:108E9000F7F786F9608AB0F5007F01D0608A00B9E3
:108EA00004E040F26231BE48F7F77AF9208AB0F563
:108EB000807F01D0208A00B904E040F26331B848D5
:108EC000F7F76EF94FF2FF700640E0894FF6FF7139
:108ED00001EA002006434FF6FF300640A08801EA71
:108EE000002006434EF6FF7007404DF6FF70074026
:108EF000208A01EA00100743608A01EA0010074354
:108F0000AF80A5F81C80A068E8632E84BDE8F081DE
:108F10002DE9F04104460D4600270026B0469B4847
:108F200084420ED0B4F1804F0BD09948844208D0CF
:108F30009848844205D09848844202D09748844299
:108F400000D104E04FF464719548F7F729F92888B7
:108F500070B1288810280BD02888202808D02888AD
:108F6000302805D02888602802D02888702800D1B1
:108F700004E040F291318A48F7F712F9688810B19D
:108F80006888012800D104E040F292318448F7F764
:108F900007F9A88910B1A889022800D104E040F29D
:108FA00093317F48F7F7FCF8208C4EF6FF710840AC
:108FB0002084268CB4F80480A78B48F6FF70074005
:108FC0004FF6FF40074028884FF6FF7101EA002066
:108FD00007434DF6FF700640A88901EA00300643BA
:108FE000688801EA003006436848844202D06B4832
:108FF000844216D1288AB0F5807F01D0288A00B932
:1090000004E040F2B1316648F7F7CAF84BF6FF705A
:1090100008EA0008288A4FF6FF7101EA801040EA4A
:109020000808A4F80480A783A86820642684BDE803
:10903000F081002101804180818081608181C18136
:109040000182418270472DE9F04104460F461546E2
:109050000026B0464D48844220D0B4F1804F1DD048
:109060004B4884421AD04B48844217D04A48844225
:1090700014D04A48844211D04A4884420ED04A480B
:1090800084420BD04948844208D04948844205D0E4
:109090004848844202D04848844200D104E04FF45A
:1090A0007D713F48F7F77CF82FB1042F03D0082FCC
:1090B00001D00C2F00D104E040F2F5313848F7F729
:1090C0006FF86DB1102D0BD0202D09D0302D07D0A9
:1090D000602D05D0702D03D0502D01D0402D00D132
:1090E00004E040F2F6312E48F7F75AF826461836D3
:1090F0000120B8401FFA80F8208C20EA0800208464
:109100000FB1082F0AD106EB670630684FF68F7152
:10911000084030603068284330600FE0381FC0F3EB
:109120004E000644306848F6FF71084030603068F1
:109130004FF6FF7101EA052108433060BDE8F08178
:1091400070B504460D461148844239D0B4F1804FC1
:1091500036D00F48844233D00E48844230D00E4877
:1091600084422DD00D4884422AD00E48844227D014
:109170000D48844224D00D48844221D00C488442BA
:109180001ED00C4884421BD00B4817E00000014061
:109190000004004000080040000C004000040140B2
:1091A00010D2000800400140004401400048014046
:1091B00000180040001C004000200040844200D104
:1091C00004E040F21F41FB48F6F7EAFF656370BD1B
:1091D00070B504460D46F848844214D0B4F1804F6F
:1091E00011D0F64884420ED0F54884420BD0F548A1
:1091F000844208D0F448844205D0F448844202D026
:10920000F348844200D104E040F22F41E948F6F7E8
:10921000C7FFA56370BD70B504460D46E64884429D
:109220000ED0B4F1804F0BD0E448844208D0E4481B
:10923000844205D0E348844202D0E348844200D10E
:1092400004E040F23E41DB48F6F7AAFFE56370BD5B
:1092500070B504460D46D84884420ED0B4F1804F14
:109260000BD0D648844208D0D548844205D0D54892
:10927000844202D0D448844200D104E040F24D41FF
:10928000CC48F6F78DFF256470BD70B504460D46D9
:109290000026C948844220D0B4F1804F1DD0C74871
:1092A00084421AD0C648844217D0C648844214D09B
:1092B000C548844211D0C54884420ED0C548844276
:1092C0000BD0C548844208D0C148844205D0C34869
:1092D000844202D0C248844200D104E040F261419D
:1092E000B448F6F75DFF502D01D0402D00D104E0C9
:1092F00040F26241AF48F6F753FF268B4FF68F706E
:1093000006402E43268370BD70B504460D460026E8
:10931000A948844214D0B4F1804F11D0A7488442A8
:109320000ED0A74884420BD0A648844208D0A64855
:10933000844205D0A548844202D0A548844200D189
:1093400004E040F27E419B48F6F72AFF502D01D001
:10935000402D00D104E040F27F419648F6F720FF0F
:10936000268B48F6FF7006404FF6FF7000EA052096
:109370000643268370BD70B504460D4600268E4810
:1093800084420ED0B4F1804F0BD08C48844208D078
:109390008B48844205D08B48844202D08A4884425C
:1093A00000D104E040F29A418248F6F7F9FE502DD0
:1093B00001D0402D00D104E040F29B417D48F6F7FA
:1093C000EFFEA68B4FF68F7006402E43A68370BD2E
:1093D00070B504460D460026774884420ED0B4F19D
:1093E000804F0BD07548844208D07548844205D020
:1093F0007448844202D07448844200D104E040F2B0
:10940000B7416C48F6F7CCFE502D01D0402D00D16D
:1094100004E04FF497616748F6F7C2FEA68B48F662
:10942000FF7006404FF6FF7000EA05200643A68352
:1094300070BD70B504460D4600265F48844220D0BA
:10944000B4F1804F1DD05D4884421AD05C488442FC
:1094500017D05C48844214D05B48844211D05B48EA
:1094600084420ED05B4884420BD05B48844208D0D3
:109470005748844205D05948844202D05848844213
:1094800000D104E040F2D3414A48F6F789FE082DA6
:1094900000D005B904E040F2D4414648F6F780FE1A
:1094A000268B4FF6F77006402E43268370BD70B5AD
:1094B00004460D4600264048844214D0B4F1804F43
:1094C00011D03E4884420ED03D4884420BD03D48E6
:1094D000844208D03C48844205D03C48844202D0B3
:1094E0003B48844200D104E040F2F1413148F6F7B4
:1094F00057FE082D00D005B904E040F2F2412D4896
:10950000F6F74EFE268B4FF2FF7006404FF6FF70C7
:1095100000EA05200643268370BD70B504460D465B
:109520000026254884420ED0B4F1804F0BD023484A
:10953000844208D02248844205D02248844202D086
:109540002148844200D104E040F20E511948F6F758
:1095500027FE082D00D005B904E040F20F51154850
:10956000F6F71EFEA68B4FF6F77006402E43A68335
:1095700070BD70B504460D4600260F4884420ED0DB
:10958000B4F1804F0BD00D48844208D00C4884427F
:1095900005D00C48844202D00B48844200D104E03C
:1095A00040F22B510348F6F7FBFD082D00D0CDB952
:1095B0001DE0000010D2000800000140000400403F
:1095C00000080040000C0040000401400040014041
:1095D000001800400044014000480140001C0040C9
:1095E0000020004040F22C51FA48F6F7D9FDA68B36
:1095F0004FF2FF7006404FF6FF7000EA0520064369
:10960000A68370BD70B504460D460026F24884421C
:1096100020D0B4F1804F1DD0F04884421AD0F048D9
:10962000844217D0EF48844214D0EF48844211D0CE
:10963000EE4884420ED0EE4884420BD0ED4884427E
:1096400008D0ED48844205D0EC48844202D0EC4872
:10965000844200D104E04FF4A961DE48F6F7A0FD92
:10966000042D00D005B904E040F24951D948F6F77D
:1096700097FD268B4FF6FB7006402E43268370BD68
:1096800070B504460D460026D348844214D0B4F188
:10969000804F11D0D14884420ED0D14884420BD0A3
:1096A000D048844208D0D048844205D0CF48844274
:1096B00002D0D148844200D104E040F26751C5484D
:1096C000F6F76EFD042D00D005B904E04FF4AD614E
:1096D000C048F6F765FD268B4FF6FF3006404FF683
:1096E000FF7000EA05200643268370BD70B504466E
:1096F0000D460026B84884420ED0B4F1804F0BD0FE
:10970000B648844208D0B648844205D0B548844261
:1097100002D0B548844200D104E040F28551AD4802
:10972000F6F73EFD042D00D005B904E040F2865165
:10973000A848F6F735FDA68B4FF6FB7006402E4382
:10974000A68370BD70B504460D460026A24884422B
:109750000ED0B4F1804F0BD0A048844208D0A0486E
:10976000844205D09F48844202D09F48844200D161
:1097700004E040F2A3519748F6F712FD042D00D003
:1097800005B904E040F2A4519248F6F709FDA68B12
:109790004FF6FF3006404FF6FF7000EA0520064303
:1097A000A68370BD70B504460D4600268A488442E3
:1097B00020D0B4F1804F1DD0884884421AD0884808
:1097C000844217D08748844214D08748844211D0FD
:1097D000864884420ED0864884420BD08548844215
:1097E00008D08548844205D08448844202D0844809
:1097F000844200D104E040F2C1517648F6F7D0FC33
:10980000802D00D005B904E040F2C2517148F6F74E
:10981000C7FC268B4FF67F7006402E43268370BD13
:1098200070B504460D4600266B48844214D0B4F14E
:10983000804F11D0694884420ED0694884420BD0D1
:109840006848844208D06848844205D0674884420A
:1098500002D06948844200D104E040F2DF515D4803
:10986000F6F79EFC802D00D005B904E04FF4BC61F2
:109870005848F6F795FC268BC6F30E064FF6FF7098
:1098800000EA05200643268370BD70B504460D46E8
:109890000026514884420ED0B4F1804F0BD04F487F
:1098A000844208D04E48844205D04E48844202D0BB
:1098B0004D48844200D104E040F2FC514548F6F79F
:1098C0006FFC802D00D005B904E040F2FD51414805
:1098D000F6F766FCA68B4FF67F7006402E43A683F4
:1098E00070BD70B504460D4600263B4884420ED03C
:1098F000B4F1804F0BD03948844208D038488442B4
:1099000005D03848844202D03748844200D104E070
:1099100040F219612F48F6F743FC802D00D005B9BD
:1099200004E040F21A612B48F6F73AFCA68BC6F326
:109930000E064FF6FF7000EA05200643A68370BDB1
:1099400070B504460D4600262348844220D0B4F169
:10995000804F1DD0214884421AD02148844217D01C
:109960002048844214D02048844211D01F488442A9
:109970000ED01F4884420BD01E48844208D01E4897
:10998000844205D01D48844202D01D48844200D143
:1099900004E040F236610F48F6F702FC0DB1022DEB
:1099A00000D104E040F237610A48F6F7F9FB268C53
:1099B0004FF6FD7006402E43268470BD70B50446F8
:1099C0000D4600260448844202D00748844219D13B
:1099D0001DE0000010D2000800000140000400401B
:1099E00000080040000C004000040140004001401D
:1099F000004401400048014000180040001C0040A5
:109A0000002000404FF4CA61FC48F6F7C9FB0DB1D5
:109A1000082D00D104E040F25161F848F6F7C0FB90
:109A2000268C4FF6F77006402E43268470BD70B525
:109A300004460D460026F248844214D0B4F1804F0B
:109A400011D0F04884420ED0EF4884420BD0EF484A
:109A5000844208D0EE48844205D0EE48844202D0C9
:109A6000ED48844200D104E040F26C61E348F6F72F
:109A700097FB0DB1022D00D104E040F26D61DF488B
:109A8000F6F78EFB268C4FF6DF7006404FF6FF7020
:109A900000EA05100643268470BD70B504460D46E5
:109AA0000026D748844202D0D948844200D104E03D
:109AB00040F28761D148F6F773FB0DB1082D00D154
:109AC00004E04FF4D161CD48F6F76AFB268C4FF6DF
:109AD0007F7006404FF6FF7000EA051006432684AB
:109AE00070BD70B504460D460026C54884420ED0B0
:109AF000B4F1804F0BD0C348844208D0C24884429E
:109B000005D0C248844202D0C148844200D104E05A
:109B100040F2A261B948F6F743FB0DB1022D00D126
:109B200004E040F2A361B548F6F73AFB268C4FF605
:109B3000FF5006404FF6FF7000EA052006432684DA
:109B400070BD70B504460D460026AD48844202D073
:109B5000AF48844200D104E040F2BD61A748F6F767
:109B60001FFB0DB1082D00D104E040F2BE61A348F7
:109B7000F6F716FB268C4FF2FF7006404FF6FF708B
:109B800000EA05200643268470BD70B504460D46E4
:109B900000269B4884420ED0B4F1804F0BD09948E8
:109BA000844208D09848844205D09848844202D024
:109BB0009748844200D104E04FF4DB618F48F6F708
:109BC000EFFA0DB1022D00D104E040F2D9618B48CB
:109BD000F6F7E6FA268C4DF6FF7006404FF6FF705A
:109BE00000EA05300643268470BD2DE9F0410446A5
:109BF0000D46164600278248844220D0B4F1804F9B
:109C00001DD0804884421AD07F48844217D07F48B4
:109C1000844214D07E48844211D07E4884420ED0C3
:109C20007E4884420BD07E48844208D07A488442E1
:109C300005D07C48844202D07B48844200D104E0B5
:109C400040F2F7616D48F6F7ABFA2DB1042D03D061
:109C5000082D01D00C2D00D104E04FF4DF616748DE
:109C6000F6F79EFA012E00D006B904E040F2F96141
:109C70006248F6F795FA0120A84087B2208CB843D5
:109C80002084208C06FA05F189B208432084BDE8BF
:109C9000F0812DE9F04104460D461646002758484C
:109CA000844202D05A48844200D104E040F2157147
:109CB0005248F6F775FA1DB1042D01D0082D00D1D8
:109CC00004E040F216714D48F6F76AFA042E00D00F
:109CD00006B904E040F217714848F6F761FA04202B
:109CE000A84087B2208CB8432084208C06FA05F166
:109CF00089B208432084BDE8F08170B504460D4662
:109D00003F4884420ED0B4F1804F0BD03D4884428E
:109D100008D03D48844205D03C48844202D03C48AB
:109D2000844200D104E040F671013448F6F738FA75
:109D30002DB1042D03D0082D01D00C2D00D104E04D
:109D400040F672012D48F6F72BFAA08B4FF2FF3147
:109D50000840A083A08B4FF6FF7101EA052108435C
:109D6000A08370BDF0B50C461546002100220026E8
:109D7000078C4EF6FF7C07EA0C070784818B028C68
:109D80004FF6FF7707EA043640F6FF4739404FF6B3
:109D9000FF7707EA052739434FF6FF7707EA0337CE
:109DA000394345F6FF773A4046F480573A4381837A
:109DB0000284F0BD70B504460D46114884420ED0B1
:109DC000B4F1804F0BD00F48844208D00E48844233
:109DD00005D00E48844202D00D48844200D104E0F0
:109DE00040F659010548F6F7DBF92DB1042D03D0F3
:109DF000082D01D00C2D19D11DE0000010D2000853
:109E0000000001400004004000080040000C004039
:109E1000000401400040014000180040004401409F
:109E200000480140001C00400020004040F65A015C
:109E3000FE48F6F7B5F9A08B4FF6F3710840A08302
:109E4000A08B2843A08370BDF0B50C4615460021B9
:109E500000220026078C4FF6FF6C07EA0C070784E8
:109E6000818B028C4FF6FF7707EA04264FF60C77BA
:109E700039404FF6FF7707EA03172F4339434FF274
:109E8000FF573A4046F480773A4381830284F0BD1D
:109E900070B504460D46E648844214D0B4F1804FB4
:109EA00011D0E44884420ED0E34884420BD0E3480A
:109EB000844208D0E248844205D0E248844202D07D
:109EC000E148844200D104E040F64101D748F6F76A
:109ED00067F92DB1042D03D0082D01D00C2D00D130
:109EE00004E040F64201D148F6F75AF9208B4FF2D0
:109EF000FF3108402083208B4FF6FF7101EA0521D6
:109F00000843208370BDF0B50C46154600210022A1
:109F10000026078C4FF6EF7C07EA0C070784018BBD
:109F2000028C4FF6FF7707EA041640F6FF473940E8
:109F30004FF6FF7707EA033739434FF6FF7707EA13
:109F4000052739434FF65F773A4046F010073A430A
:109F500001830284F0BD70B504460D46B4488442C6
:109F600020D0B4F1804F1DD0B24884421AD0B248FC
:109F7000844217D0B148844214D0B148844211D0F1
:109F8000B04884420ED0B14884420BD0B0488442DD
:109F900008D0AD48844205D0AE48844202D0AE48D5
:109FA000844200D104E040F62801A048F6F7F8F812
:109FB0002DB1042D03D0082D01D00C2D00D104E0CB
:109FC00040F629019948F6F7EBF8208B4FF6F3712C
:109FD00008402083208B2843208370BDF0B50C46B9
:109FE000154600210022068C4FF6FE773E4006847F
:109FF000018B028C4FF60C7631407E1C06EA03166C
:10A000002E4331434FF6F576324044F00106324399
:10A0100001830284F0BD70B504460D468448844235
:10A0200020D0B4F1804F1DD0824884421AD082489B
:10A03000844217D08148844214D08148844211D090
:10A04000804884420ED0814884420BD080488442AC
:10A0500008D07D48844205D07E48844202D07E48A4
:10A06000844200D104E040F265717048F6F798F838
:10A07000688828B16888022802D068880A2800D138
:10A0800004E040F266716948F6F78AF8A88801286A
:10A0900005D0A888022802D0A888032800D104E0AF
:10A0A00040F267716148F6F77BF8E88840B1E888CC
:10A0B000042805D0E888082802D0E8880C2800D1B8
:10A0C00004E04FF4ED615948F6F76AF828890F2843
:10A0D00000DC04E040F269715448F6F761F8288822
:10A0E00050B92B89AA8869882046FFF777FFE9884D
:10A0F0002046FFF730FF73E02888042828D14C4819
:10A10000844214D0B4F1804F11D04A4884420ED01A
:10A11000494884420BD04948844208D04848844288
:10A1200005D04848844202D04748844200D104E028
:10A1300040F277713D48F6F733F82B89AA88698891
:10A140002046FFF7E0FEE9882046FFF7A1FE47E042
:10A150002888082822D1364884420ED0B4F1804F96
:10A160000BD03448844208D03348844205D0334869
:10A17000844202D03248844200D104E040F281712E
:10A180002A48F6F70DF82B89AA8869882046FFF738
:10A190005BFEE9882046FFF70DFE21E0244884425B
:10A1A0000ED0B4F1804F0BD02248844208D0224810
:10A1B000844205D02148844202D02148844200D103
:10A1C00004E040F28B711948F5F7EAFF2B89AA8861
:10A1D00069882046FFF7C6FDE9882046FFF78DFD18
:10A1E00070BD002101804180012181800021C1805A
:10A1F000018170472DE9F04105460C4600260127F4
:10A200000B4885422DD0B5F1804F2AD009488542B0
:10A2100027D00948854224D00848854221D00848E3
:10A2200085421ED0074885421BD017E010D2000897
:10A23000000001400004004000080040000C004005
:10A24000000401400040014000180040004401406B
:10A2500000480140001C004000200040F8488542B2
:10A2600000D104E040F2B371F648F5F799FF608839
:10A2700008B9022600E00026A088012801D10227A3
:10A2800000E001272088A0B92389A2886188284698
:10A29000FFF7A4FEE1882846FFF75DFE23893A46D2
:10A2A00031462846FFF72FFEE1882846FFF7F0FDEC
:10A2B00013E02389A28861882846FFF724FEE188FD
:10A2C0002846FFF7E5FD23893A4631462846FFF741
:10A2D00085FEE1882846FFF73EFEBDE8F08110B517
:10A2E0000446D948844220D0B4F1804F1DD0D748CD
:10A2F00084421AD0D648844217D0D648844214D01B
:10A30000D548844211D0D54884420ED0D4488442E6
:10A310000BD0D448844208D0C948844205D0D248E2
:10A32000844202D0D148844200D104E040F2E97175
:10A33000C448F5F735FF606B10BD10B50446C24840
:10A34000844214D0B4F1804F11D0C04884420ED062
:10A35000BF4884420BD0BF48844208D0BE488442E4
:10A3600005D0BE48844202D0B548844200D104E002
:10A370004FF4FF61B348F5F713FFA06B10BD10B5A4
:10A380000446B14884420ED0B4F1804F0BD0AF48A0
:10A39000844208D0AE48844205D0AE48844202D000
:10A3A000AD48844200D104E040F60601A548F5F727
:10A3B000F7FEE06B10BD10B50446A34884420ED0F2
:10A3C000B4F1804F0BD0A148844208D0A048844209
:10A3D00005D0A048844202D09F48844200D104E0C6
:10A3E00040F614019748F5F7DBFE206C10BD70B500
:10A3F00005460C469448854202D09748854200D1D4
:10A4000004E040F6A6018F48F5F7CAFE2088B0F5B3
:10A41000006F01D0208800B904E040F6A701894808
:10A42000F5F7BEFE6088B0F5806F01D0608800B996
:10A4300004E040F6A8018348F5F7B2FEA08858B1C1
:10A44000A088B0F5807F07D0A088B0F5007F03D04A
:10A45000A088B0F5407F00D104E040F6A90179481A
:10A46000F5F79EFE2089B0F5805F01D0208900B904
:10A4700004E040F6AA017348F5F792FE608918B12E
:10A480006089B0F5005F00D104E040F6AB016D4893
:10A49000F5F786FEA089B0F5804F01D0A08900B9FC
:10A4A00004E040F6AC016748F5F77AFE2088618841
:10A4B0000843A1880843E18808432189084361894A
:10A4C0000843A1890843A5F8440070BD002101801C
:10A4D00041808180C180018141818181704770B557
:10A4E00004460D465848844202D05B48844200D15D
:10A4F00004E040F6D2015348F5F752FE0DB1012DAC
:10A5000000D104E040F6D3014E48F5F749FE35B1DD
:10A51000B4F8440040F40040A4F8440005E0B4F866
:10A520004400C0F30E00A4F8440070BD70B50446AA
:10A530000D464548844202D04748844200D104E099
:10A5400040F6EB013F48F5F72BFE0DB1012D00D190
:10A5500004E040F6EC013B48F5F722FE25B1A08867
:10A5600040F00400A08004E0A0884FF6FB71084092
:10A57000A08070BD70B504460D463348844202D0B9
:10A580003548844200D104E040F604112D48F5F727
:10A5900007FE0DB1012D00D104E040F60511294858
:10A5A000F5F7FEFD25B1A08840F00100A08004E091
:10A5B000A0884FF6FE710840A08070BD70B50446BB
:10A5C0000D4616462048844226D0B4F1804F23D051
:10A5D0001E48844220D01E4884421DD01D4884421B
:10A5E0001AD02348844217D02248844214D01A48F3
:10A5F000844211D0194884420ED0194884420BD0AD
:10A600001848844208D00E48844205D01648844237
:10A6100002D01648844200D104E040F63D110948BA
:10A62000F5F7BEFD05F47F4008B905B104E040F63A
:10A630003E110448F5F7B4FD0EB1012E1CD120E007
:10A640000018004010D20008000001400004004043
:10A6500000080040000C00400004014000400140A0
:10A660000044014000480140001C00400020004020
:10A67000001000400014004040F63F11F748F5F785
:10A680008FFD1EB1A0892843A08102E0A089A843C4
:10A69000A08170BD70B504460D46F148844226D0B5
:10A6A000B4F1804F23D0EF48844220D0EE4884425A
:10A6B0001DD0EE4884421AD0ED48844217D0ED48B0
:10A6C000844214D0EC48844211D0EC4884420ED02D
:10A6D000EB4884420BD0EB48844208D0EA488442DD
:10A6E00005D0EA48844202D0E948844200D104E01F
:10A6F00040F66311D948F5F753FD05F47F4008B9DA
:10A7000005B104E040F66411D448F5F749FDA5828F
:10A7100070BD70B504460D460026D148844226D04F
:10A72000B4F1804F23D0CF48844220D0CE48844219
:10A730001DD0CE4884421AD0CD48844217D0CD488F
:10A74000844214D0CC48844211D0CC4884420ED0EC
:10A75000CB4884420BD0CB48844208D0CA488442BC
:10A7600005D0CA48844202D0C948844200D104E0DE
:10A7700040F68511B948F5F713FD012D19D0022DCA
:10A7800017D0042D15D0082D13D0102D11D0202D49
:10A790000FD0402D0DD0802D0BD0B5F5007F08D007
:10A7A000B5F5806F05D0B5F5006F02D0B5F5805FC7
:10A7B00000D104E040F68611A848F5F7F1FC208AA4
:10A7C000284008B1012600E00026304670BD70B573
:10A7D00004460D46A248844226D0B4F1804F23D0CF
:10A7E000A048844220D0A04884421DD09F48844283
:10A7F0001AD09F48844217D09E48844214D09E4865
:10A80000844211D09D4884420ED09D4884420BD092
:10A810009C48844208D09C48844205D09B4884428E
:10A8200002D09B48844200D104E040F6AE118B4830
:10A83000F5F7B6FCE843208270BD2DE9F0410446EF
:10A840000D4600260027B0468548844226D0B4F144
:10A85000804F23D08348844220D0834884421DD037
:10A86000824884421AD08248844217D08148844268
:10A8700014D08148844211D0804884420ED0804850
:10A8800084420BD07F48844208D07F48844205D060
:10A890007E48844202D07E48844200D104E040F6E3
:10A8A000CC116E48F5F77CFC012D0DD0022D0BD09C
:10A8B000042D09D0082D07D0102D05D0202D03D050
:10A8C000402D01D0802D00D104E040F6CD11634829
:10A8D000F5F766FC208A00EA0507A08900EA05086A
:10A8E00027B1B8F1000F01D0012600E00026304664
:10A8F000BDE8F08170B504460D465948844226D023
:10A90000B4F1804F23D05748844220D05648844227
:10A910001DD0564884421AD05548844217D0554815
:10A92000844214D05448844211D0544884420ED0FA
:10A93000534884420BD05348844208D05248844242
:10A9400005D05248844202D05148844200D104E0EC
:10A9500040F6F3114148F5F723FCE843208270BD2F
:10A9600070B506460C4615463D4886420ED0B6F1F7
:10A97000804F0BD03B48864208D03B48864205D0EA
:10A980003A48864202D03C48864200D104E040F674
:10A9900018213248F5F704FC2CB3012C23D0022CEB
:10A9A00021D0032C1FD0042C1DD0052C1BD0062C2D
:10A9B00019D0072C17D0082C15D0092C13D00A2C2D
:10A9C00011D00B2C0FD00C2C0DD00D2C0BD00E2C2D
:10A9D00009D00F2C07D0102C05D0112C03D0122C2D
:10A9E00001D0132C00D104E040F619211B48F5F7E3
:10A9F000D7FB95B3B5F5807F2FD0B5F5007F2CD070
:10AA0000B5F5407F29D0B5F5806F26D0B5F5A06F9C
:10AA100023D0B5F5C06F20D0B5F5E06F1DD0B5F5EA
:10AA2000006F1AD0B5F5106F17D0B5F5206F14D0A0
:10AA3000B5F5306F11D0B5F5406F0ED0B5F5506F4C
:10AA40000BD0B5F5606F08D0B5F5706F05D0B5F5D2
:10AA5000805F02D0B5F5885F1CD120E010D20008DD
:10AA6000000001400004004000080040000C0040CD
:10AA7000001000400014004000040140004001406C
:10AA8000004401400048014000180040001C004004
:10AA90000020004040F61A21FA48F5F781FB44EA0D
:10AAA0000500A6F8480070BD70B504460D46164670
:10AAB000F548844214D0B4F1804F11D0F348844259
:10AAC0000ED0F34884420BD0F248844208D0F248BA
:10AAD000844205D0F148844202D0F148844200D13A
:10AAE00004E040F63321E748F5F75AFB48F2FF004F
:10AAF000284008B905B104E040F63421E148F5F7F3
:10AB00004FFB0EB1012E00D104E040F63521DD48A7
:10AB1000F5F746FB1EB1A0892843A08102E0A08979
:10AB2000A843A08170BD70B504460D46D648844246
:10AB30000ED0B4F1804F0BD0D448844208D0D44812
:10AB4000844205D0D348844202D0D548844200D103
:10AB500004E040F64D21CB48F5F722FB0DB1012D65
:10AB600000D104E040F64E21C648F5F719FB25B1A7
:10AB7000A08840F00800A08004E0A0884FF6F7719C
:10AB80000840A08070BD10B50446BF48844214D070
:10AB9000B4F1804F11D0BD4884420ED0BC488442ED
:10ABA0000BD0BC48844208D0BD48844205D0BD4883
:10ABB000844202D0BC48844200D104E040F67421B3
:10ABC000B048F5F7EDFA20894FF6F871084020817A
:10ABD00010BD70B504460D460026AB48844220D017
:10ABE000B4F1804F1DD0A94884421AD0A8488442AD
:10ABF00017D0A848844214D0A948844211D0A9484B
:10AC000084420ED0A94884420BD0A948844208D07F
:10AC1000A548844205D0A748844202D0A648844271
:10AC200000D104E040F644319648F5F7B9FA6DB129
:10AC3000102D0BD0202D09D0302D07D0402D05D060
:10AC4000502D03D0602D01D0702D00D104E040F6CE
:10AC500045318C48F5F7A4FA26894FF68F700640E7
:10AC60002E43268170BD70B504460D468648844249
:10AC700014D0B4F1804F11D0844884420ED084485F
:10AC800084420BD08348844208D08548844205D052
:10AC90008448844202D08448844200D104E040F6D3
:10ACA00089217848F5F77CFA2DB1102D03D0202D9D
:10ACB00001D0302D00D104E040F68A217148F5F72B
:10ACC0006FFA29462046FFF784FF208940F00700ED
:10ACD000208170BD2DE9F04104460E4615461F4601
:10ACE0006948844220D0B4F1804F1DD06748844227
:10ACF0001AD06748844217D06648844214D0684806
:10AD0000844211D0674884420ED0684884420BD0F8
:10AD10006748844208D06448844205D0654884422C
:10AD200002D06548844200D104E040F6A82155488D
:10AD3000F5F736FA1DB1022D01D00A2D00D104E03D
:10AD400040F6A9214F48F5F72BFA0F2F00DC04E05D
:10AD500040F6AA214B48F5F723FA602E06D13B4670
:10AD6000012229462046FFF7CEF805E03B460122A6
:10AD700029462046FFF732F931462046FFF729FFE2
:10AD8000208940F007002081BDE8F0812DE9F041E5
:10AD900004460D4616461F464FF000083A488442C6
:10ADA0000ED0B4F1804F0BD03848844208D03848D8
:10ADB000844205D03748844202D03948844200D1C9
:10ADC00004E040F6BD312F48F5F7EAF945B1B5F595
:10ADD000805F05D0B5F5005F02D0B5F5405F00D1CA
:10ADE00004E040F6BE312748F5F7DAF9B6F5004F32
:10ADF00000D006B904E040F6BF312248F5F7D0F99B
:10AE00000F2F00DC04E04FF43C611E48F5F7C8F951
:10AE1000B4F8088008F0FF084FF6FF7000EA07203A
:10AE20003043284340EA0808A4F80880BDE8F081D0
:10AE30002DE9F04104460D46174698460026124873
:10AE400084420ED0B4F1804F0BD01048844208D019
:10AE50000F48844205D00F48844202D010488442F3
:10AE600000D104E040F6D2210648F5F799F945B142
:10AE7000B5F5805F05D0B5F5005F02D0B5F5405F50
:10AE80001CD120E010D20008000001400004004066
:10AE900000080040000C004000100040001400407A
:10AEA00000040140004001400018004000440140FF
:10AEB00000480140001C00400020004040F6D32123
:10AEC000FA48F5F76DF9B7F5004F00D007B904E07F
:10AED00040F6D421F548F5F763F9B8F10F0F00DC1F
:10AEE00004E040F6D521F148F5F75AF943463A46D1
:10AEF00029462046FFF74AFF26894FF6F87006409C
:10AF000046F007064FF68F70064046F07006268121
:10AF1000BDE8F0812DE9F04104460D4616461F4676
:10AF2000E34884420ED0B4F1804F0BD0E148844214
:10AF300008D0E148844205D0E048844202D0E0488D
:10AF4000844200D104E040F6FF21D848F5F728F903
:10AF500045B1B5F5805F05D0B5F5005F02D0B5F518
:10AF6000405F00D104E04FF43061D048F5F718F9A4
:10AF7000B6F5004F00D006B904E040F60131CB48E9
:10AF8000F5F70EF90F2F00DC04E040F60231C74858
:10AF9000F5F706F93B46324629462046FFF7F6FE0E
:10AFA000208940F480402081BDE8F08170B50446DE
:10AFB0000D46BF48844214D0B4F1804F11D0BD4833
:10AFC00084420ED0BC4884420BD0BC48844208D096
:10AFD000BC48844205D0BC48844202D0B848844270
:10AFE00000D104E040F66D31B048F5F7D9F86DB105
:10AFF000102D0BD0202D09D0302D07D0402D05D09D
:10B00000502D03D0602D01D0702D00D104E040F60A
:10B010006E31A648F5F7C4F8A0884FF68F71084046
:10B02000A080A0882843A08070BD70B504460D465E
:10B030009F48844214D0B4F1804F11D09D4884427F
:10B040000ED09D4884420BD09C48844208D09C4836
:10B05000844205D09D48844202D09D48844200D15C
:10B0600004E040F685319148F5F79AF8042D05D0B3
:10B07000052D03D0062D01D0072D00D104E040F6A8
:10B0800086318A48F5F78CF820894FF6F871084028
:10B09000208120892843208170BD70B504460D466B
:10B0A0008348844214D0B4F1804F11D08148844247
:10B0B0000ED0814884420BD08048844208D080481A
:10B0C000844205D08148844202D08148844200D124
:10B0D00004E040F69C317548F5F762F8802D00D009
:10B0E00005B904E040F69D317048F5F759F820891C
:10B0F0004FF67F710840208120892843208170BD50
:10B100002DE9F04704460D4616461F464FF000084D
:10B11000C146C2466648844214D0B4F1804F11D073
:10B12000644884420ED0644884420BD06348844211
:10B1300008D06348844205D06448844202D0644801
:10B14000844200D104E040F6F9315848F5F728F878
:10B15000012D03D0022D01D0032D00D104E040F6D3
:10B16000FA315248F5F71CF81EB1022E01D00A2E12
:10B1700000D104E040F6FB314C48F5F711F81FB15F
:10B18000022F01D00A2F00D104E040F6FC314748DD
:10B19000F5F706F8B4F80880B4F81890B4F820A0D1
:10B1A0004FF6F87008EA000848EA05084FF6FC4038
:10B1B00009EA000940F2011049EA00094FF6DD7082
:10B1C0000AEA000A4FF6FF7000EA0710304340EA2F
:10B1D0000A0AA4F80880A4F81890A4F820A0BDE8F2
:10B1E000F08770B504460D463148844214D0B4F15E
:10B1F000804F11D02F4884420ED02F4884420BD06C
:10B200002E48844208D02E48844205D02F488442DC
:10B2100002D02F48844200D104E040F62841234860
:10B22000F4F7BEFF0DB1012D00D104E040F6294135
:10B230001E48F4F7B5FF25B1A08840F08000A0803B
:10B2400004E0A0884FF67F710840A08070BD70B503
:10B2500005460C46B5F1804F05D01848854202D00E
:10B260001C48854200D104E040F65B410F48F4F7EA
:10B2700097FF94B1B4F5806F0FD0B4F5006F0CD088
:10B28000B4F5406F09D044B1402C06D0802C04D0D6
:10B29000C02C02D00CB1022C00D104E040F65C417D
:10B2A0000248F4F77DFFA5F8504070BD10D20008A9
:10B2B000000001400004004000080040000C004075
:10B2C0000004014000100040001400400040014014
:10B2D000001800400048014010B50446F848844278
:10B2E0000ED0F84884420BD0F748844208D0F74883
:10B2F000844205D0F648844202D0F648844200D108
:10B3000003E0B521F448F4F74BFFED48844208D13F
:10B3100001211020FCF78EFD00211020FCF78AFD92
:10B320003EE0E848844209D101214804FCF75BFD76
:10B3300000214FF40030FCF756FD31E0E248844232
:10B3400009D101218804FCF74EFD00214FF4802033
:10B35000FCF749FD24E0DD48844209D10121C804FD
:10B36000FCF741FD00214FF40020FCF73CFD17E005
:10B37000D748844209D101210805FCF734FD00219A
:10B380004FF48010FCF72FFD0AE0D248844207D129
:10B3900001212020FCF74EFD00212020FCF74AFD72
:10B3A00010BD2DE9FF4705460C460026B14600BFFB
:10B3B000B046C34885420ED0C24885420BD0C24831
:10B3C000854208D0C148854205D0C148854202D097
:10B3D000C048854200D103E0EB21BF48F4F7E0FE0E
:10B3E000206820B1BD492068884200D203E0EC21EA
:10B3F000B948F4F7D5FEA08818B1A088B0F5805FF1
:10B4000000D103E0ED21B448F4F7CAFEE08858B15A
:10B41000E088B0F5805F07D0E088B0F5005F03D02A
:10B42000E088B0F5405F00D103E0EE21AA48F4F7D0
:10B43000B7FE208938B12089B0F5806F03D020890C
:10B44000B0F5C06F00D103E0EF21A348F4F7A8FEE8
:10B4500060894FF6F371084010B9608900B103E0CC
:10B46000F0219D48F4F79CFEA08958B1A089B0F561
:10B47000807F07D0A089B0F5007F03D0A089B0F508
:10B48000407F00D103E0F1219348F4F789FEA089C1
:10B4900080B18B48854208D08A48854205D08A48C9
:10B4A000854202D08B48854200D103E0F6218A48CC
:10B4B000F4F776FE2E8A26F44056E08806432E8264
:10B4C000AE8941F20C608643A088218908436189D6
:10B4D00008430643AE81AE8A26F44076A08906432F
:10B4E000AE826846FCF7E5F97548854202D0794896
:10B4F000854202D1DDF80C9001E0DDF80890A889C2
:10B5000000F4004040B109EBC90000EB09102168CC
:10B510004900B0FBF1F707E009EBC90000EB0910A7
:10B5200021688900B0FBF1F76420B7FBF0F0060159
:10B530003009642101FB1078A88900F4004040B173
:10B54000322000EBC800B0FBF1F000F0070006432A
:10B5500008E0322000EB08106421B0FBF1F000F0AD
:10B560000F0006432E81BDE8FF874FF4165101609E
:10B5700000218180C18001810C21418100218181D4
:10B58000704770B505460C4600264D48854208D0E8
:10B590004C48854205D04C48854202D04D488542F2
:10B5A00000D104E04FF4B6714B48F4F7F9FD208860
:10B5B00018B12088B0F5006F00D104E040F26D11A1
:10B5C0004548F4F7EDFD608818B16088B0F5806FEC
:10B5D00000D104E04FF4B7713F48F4F7E1FDA088D3
:10B5E00018B1A088B0F5007F00D104E040F26F11DF
:10B5F0003948F4F7D5FDE08818B1E088B0F5807FD0
:10B6000000D104E04FF4B8713348F4F7C9FD2E8A35
:10B6100026F47066208861880843A1880843E18881
:10B62000084306432E8270BD002101804180818045
:10B63000C180704770B504460D46214884420ED043
:10B64000204884420BD02048844208D01F488442BE
:10B6500005D01F48844202D01E48844200D104E035
:10B6600040F29B111C48F4F79BFD0DB1012D00D158
:10B6700004E04FF4CE711848F4F792FD25B1A0898B
:10B6800040F40050A08104E0A0894DF6FF7108400D
:10B69000A08170BD70B504460D46094884420ED0A5
:10B6A000084884420BD00848844208D007488442A6
:10B6B00005D00748844202D00648844210D114E0E5
:10B6C000001001400044004000480040004C004091
:10B6D000005000400014014064D20008E170720084
:10B6E00040F2B511FA48F4F75BFD208B00F47F407F
:10B6F0002083208B2843208370BD70B504460D46FF
:10B70000F44884420ED0F44884420BD0F34884427B
:10B7100008D0F348844205D0F248844202D0F2486F
:10B72000844200D104E04FF4E571E948F4F738FDB4
:10B730000DB1012D00D104E040F2CB11E448F4F743
:10B740002FFD25B1A08940F40040A08103E0A0892D
:10B75000C0F30E00A08170BD70B504460D46DD48F3
:10B7600084420ED0DC4884420BD0DC48844208D0AE
:10B77000DB48844205D0DB48844202D0DA48844268
:10B7800000D104E04FF4F271D148F4F709FD0DB196
:10B79000012D00D104E040F2E511CD48F4F700FDA1
:10B7A00025B1A08A40F40060A08204E0A08A4FF294
:10B7B000FF710840A08270BD70B504460D46C548B3
:10B7C00084420ED0C44884420BD0C448844208D07E
:10B7D000C348844205D0C348844202D0C248844250
:10B7E00000D104E040F21D21B948F4F7D9FCB5F5C9
:10B7F000007F00DA04E040F21E21B548F4F7D0FCE7
:10B80000C5F30800A08070BD10B50446B14884425D
:10B810000ED0B14884420BD0B048844208D0B04822
:10B82000844205D0AF48844202D0AF48844200D160
:10B8300004E040F22D21A648F4F7B2FCA088C0F342
:10B84000080010BD70B504460D46A24884420ED0D3
:10B85000A14884420BD0A148844208D0A048844229
:10B8600005D0A048844202D09F48844200D104E021
:10B870004FF418719648F4F793FC0F2D00DC04E0A8
:10B8800040F261219248F4F78BFC208A4FF6F07168
:10B8900008402082208A2843208270BD70B504466B
:10B8A0000D468C4884420ED08B4884420BD08B4886
:10B8B000844208D08A48844205D08A48844202D013
:10B8C0008948844200D104E04FF41D718048F4F7A8
:10B8D00067FC0DB1012D00D104E040F275217C48D8
:10B8E000F4F75EFC25B1A08940F00200A08104E0DD
:10B8F000A0894FF6FD710840A08170BD70B5044667
:10B900000D46744884420ED0734884420BD073486D
:10B91000844208D07248844205D07248844202D0E2
:10B920007148844200D104E040F28F216848F4F766
:10B9300037FC15B1B5F5006F00D104E04FF4247168
:10B940006348F4F72DFCA0894FF2FF710840A081F5
:10B95000A0892843A08170BD70B504460D465D489E
:10B9600084420ED05C4884420BD05C48844208D0AC
:10B970005B48844205D05B48844202D05A488442E6
:10B9800000D104E04FF435715148F4F709FC0DB1D2
:10B99000202D00D104E040F2D5214D48F4F700FC01
:10B9A000208A4FF6DF7108402082208A28432082B7
:10B9B00070BD70B504460D46464884420ED04648D8
:10B9C00084420BD04548844208D04548844205D083
:10B9D0004448844202D04448844200D104E040F20A
:10B9E000E6213B48F4F7DCFB0DB1012D00D104E06A
:10B9F00040F2E7213648F4F7D3FB25B1208A40F422
:10BA00008040208204E0208A4BF6FF7108402082AB
:10BA100070BD10B504462F4884420ED02E48844293
:10BA20000BD02E48844208D02D48844205D02D48A2
:10BA3000844202D02C48844200D104E040F2FE212E
:10BA40002348F4F7ADFBA08940F00100A08110BDB0
:10BA500070B504460D461F4884420ED01E488442ED
:10BA60000BD01E48844208D01D48844205D01D4892
:10BA7000844202D01C48844200D104E040F23331B9
:10BA80001348F4F78DFB0DB1012D00D104E04FF404
:10BA90004D710F48F4F784FB25B1A08A40F00800EF
:10BAA000A08204E0A08A4FF6F7710840A08270BD22
:10BAB00070B504460D460748844208D006488442C3
:10BAC00005D00648844202D0074884420ED112E0D5
:10BAD00064D20008001001400044004000480040CB
:10BAE000004C004000500040001401404FF46271CF
:10BAF000FE48F4F755FB208BC0B22083208B40EA30
:10BB00000520208370BD70B504460D46F848844278
:10BB100008D0F848844205D0F748844202D0F7485C
:10BB2000844200D104E040F29B31F048F4F738FB46
:10BB30000DB1012D00D104E04FF46771EB48F4F72B
:10BB40002FFB25B1A08A40F02000A08204E0A08A4B
:10BB50004FF6DF710840A08270BD70B504460D46F7
:10BB6000E348844208D0E348844205D0E248844256
:10BB700002D0E248844200D104E04FF46D71DB480A
:10BB8000F4F70EFB0DB1012D00D104E040F2B53108
:10BB9000D648F4F705FB25B1A08A40F01000A0823A
:10BBA00004E0A08A4FF6EF710840A08270BD70B526
:10BBB00004460D46CE4884420ED0CE4884420BD077
:10BBC000CD48844208D0CE48844205D0CD48844236
:10BBD00002D0CA48844200D104E040F2FB31C3489D
:10BBE000F4F7DEFA042D00D005B904E04FF47F71BC
:10BBF000BE48F4F7D5FAA08A4FF6FB710840A08240
:10BC0000A08A2843A08270BD70B504460D46B8488E
:10BC100084420ED0B74884420BD0B748844208D043
:10BC2000B748844205D0B748844202D0B348844222
:10BC300000D104E040F20D41AC48F4F7B1FA0DB187
:10BC4000012D00D104E040F20E41A848F4F7A8FA13
:10BC500025B1A08A40F00200A08204E0A08A4FF63D
:10BC6000FD710840A08270BD70B504460D461646B1
:10BC70009F4884420ED09F4884420BD09E48844205
:10BC800008D09F48844205D09E48844202D09B48F9
:10BC9000844200D104E040F23B419448F4F780FA3A
:10BCA0004FF63F70284008B905B104E040F23C412E
:10BCB0008E48F4F775FA0EB1012E00D104E040F27F
:10BCC0003D418A48F4F76CFA1EB1A08A2843A0824D
:10BCD00002E0A08AA843A08270BD2DE9F047044687
:10BCE0000D4617464FF00008C246C1460026804860
:10BCF00084420ED07F4884420BD07F48844208D0D3
:10BD00007F48844205D07F48844202D07B488442E9
:10BD100000D104E040F2BD417448F4F741FA282D07
:10BD200019D040F22770854215D040F22660854236
:10BD300011D040F2255085420DD040F2244085427A
:10BD400009D040F64600854205D040F66A1085428B
:10BD500001D0602D00D104E040F2BE416348F4F709
:10BD60001FFA0FB1012F00D104E040F2BF415F483C
:10BD7000F4F716FA40F66A10854211D15C48844205
:10BD800008D05C48844205D05B48844202D05B48BE
:10BD9000844200D104E040F2C4415448F4F700FA70
:10BDA0002646C5F3421805F01F0A012000FA0AF9D9
:10BDB000B8F1010F01D10C3605E0B8F1020F01D145
:10BDC000103600E0143627B1306840EA09003060D0
:10BDD00003E0306820EA09003060BDE8F08770B504
:10BDE00005460C460026424885420ED04148854211
:10BDF0000BD04148854208D04148854205D0414892
:10BE0000854202D03D48854200D104E040F2FC4129
:10BE10003648F4F7C5F9012C13D0802C11D0402CF2
:10BE20000FD0202C0DD0102C0BD0B4F5807F08D073
:10BE3000B4F5007F05D0082C03D0042C01D0022CCF
:10BE400000D104E040F2FD412848F4F7A9F9B4F527
:10BE5000007F11D12648854208D02648854205D06A
:10BE60002548854202D02548854200D104E040F2B1
:10BE700002511E48F4F794F92888204008B10126A1
:10BE800000E00026304670BD70B504460D461848E7
:10BE900084420ED0174884420BD01748844208D001
:10BEA0001748844205D01748844202D01348844280
:10BEB00000D104E040F22C510C48F4F771F94FF630
:10BEC0009F40284008B905B104E040F22D510748D1
:10BED000F4F766F905F40070B0F5007F20D104484E
:10BEE000844217D00348844214D00DE064D2000885
:10BEF0000010014000440040004800400014014090
:10BF0000004C0040005000407548844202D0754803
:10BF1000844200D104E040F232517348F4F740F912
:10BF2000E843208070BD2DE9F04705460C46002708
:10BF30000026B046B1466D4885420ED06C48854219
:10BF40000BD06748854208D06A48854205D06A48C8
:10BF5000854202D06348854200D104E04FF4AA61D3
:10BF60006148F4F71DF9282C27D040F2277084424D
:10BF700023D040F2266084421FD040F225508442F4
:10BF80001BD040F22440844217D040F64600844241
:10BF900013D040F66A1084420FD0B4F5587F0CD00D
:10BFA00040F22530844208D0B4F5587F05D0B4F56E
:10BFB000187F02D0B4F5B07F00D104E040F25151B7
:10BFC0004948F4F7EDF840F66A10844211D1474829
:10BFD000854208D04648854205D04148854202D076
:10BFE0004048854200D104E040F256513E48F4F703
:10BFF000D7F8C4F3421804F01F06012000FA06F631
:10C00000B8F1010F02D1A889064007E0B8F1020F8C
:10C0100002D1288A064001E0A88A064027120120A2
:10C0200000FA07F7288807401EB117B14FF0010941
:10C0300001E04FF000094846BDE8F0872DE9F041E6
:10C0400004460D4600260027284884420ED0284882
:10C0500084420BD02248844208D02648844205D02E
:10C060002548844202D01F48844200D104E040F2B7
:10C0700099511D48F4F794F840F2266085420BD0A0
:10C0800040F22550854207D040F64600854203D055
:10C0900040F66A10854200D104E040F29A511248FD
:10C0A000F4F77EF840F66A10854211D10F488442B9
:10C0B00008D00F48844205D00948844202D009487C
:10C0C000844200D104E040F29F510748F4F768F839
:10C0D0002E120120B04087B2F8432080BDE8F081E5
:10C0E000004800400014014064D2000800100140E4
:10C0F00000440040004C0040005000400B48B0F9A4
:10C100000020B0F90210002A01DA504202B20029E0
:10C1100001DA484201B240F6B830824201DC814285
:10C1200001DD012070470020FCE7000084000020B2
:10C1300030B5054C20816181A281E3800125034C4B
:10C1400084F8875130BD00004009002024020020FF
:10C150002DE9F04107460C46154600260DE000BFCC
:10C1600040213846FFF73BFE0028F9D021783846B9
:10C17000FFF722FB641C701C86B2AE42EFDBBDE809
:10C18000F081FE49097839B9AA2805D10121FB4A75
:10C190001170FB490870D3E0F8490978012911D1E1
:10C1A000F7494870012803D10221F44A1170C7E011
:10C1B000022803D10A21F14A1170C1E00021EF4A9F
:10C1C0001170BDE0ED490978022905D1EC4988706C
:10C1D0000321EA4A1170B3E0E8490978032905D13F
:10C1E000E749C8700421E54A1170A9E0E3490978DC
:10C1F000042905D1E24908710521E04A11709FE048
:10C20000DE490978052905D1DD4948710621DB4A57
:10C21000117095E0D9490978062918D1FF2816D15F
:10C22000D7498871C978D64A927841EA022109B281
:10C23000D44A1180D2494979D14A127941EA02217E
:10C2400009B2D14A11800021CC4A117078E0CB4963
:10C2500009780A2905D1CA4988700B21C74A11708B
:10C260006EE0C64909780B2905D1C549C8700C2173
:10C27000C24A117064E0C14909780C2905D1C0494E
:10C2800008710D21BD4A11705AE0BC4909780D2989
:10C2900005D1BB4948710E21B84A117050E0B74929
:10C2A00009780E2905D1B64988710F21B34A11705A
:10C2B00046E0B24909780F2905D1B149C87110216A
:10C2C000AE4A11703CE0AD490978102905D1AC495E
:10C2D00008721121A94A117032E0A8490978112980
:10C2E0002BD1FF2829D1A6494872097AA74A518142
:10C2F000A34989781172A249C9785289891A09B269
:10C30000A24A11809E4909795289891A09B29F4A25
:10C3100051809B4949799180994989795289891A33
:10C3200009B29A4AD1809649C97951720121984A35
:10C3300011700021914A117002E000218F4A1170A2
:10C340007047B0EE000A934880ED010A9FED920A13
:10C3500080ED020A9FED910A80ED030A00208D49CD
:10C3600048800880086148618861B7EE080A8C48F7
:10C3700080ED010A9FED8B0A80ED020A9FED8A0A8B
:10C3800080ED030A002086494880088008614861E2
:10C390008861704730B50246002013B27D4C63803F
:10C3A0000BB223802346B3F90030B4F902401B1BC3
:10C3B000784C236123461B6964691B1B00EE103A0D
:10C3C000B8EEC00A734BD3ED010A20EE200A93EDBC
:10C3D000021AD3ED040AF8EEE00A01EE200A1B6906
:10C3E0006C4C6469022505FB14336A4CA469234430
:10C3F00000EE903AF8EEE00A664B93ED031A01EE78
:10C40000200ABDEEC00A10EE103A18B2614B5B690B
:10C41000604CA36123461B6963611E2801DD1E2059
:10C4200004E010F11E0F01DA6FF01D0030BD01466F
:10C430000022012004E00B5C13449AB2431CD8B2E2
:10C440000C28F8DDD0B2704770B558480078D8B9DC
:10C45000AA215748FFF7B0F9012054490870554800
:10C46000008B00F5804004B2200A534908705349FC
:10C470000C705048408B00F5804005B2280A5049A6
:10C48000087050490D704FE048480078012808D1E5
:10C490004D4801784648FFF78FF90220434908705C
:10C4A00042E042480078022808D1434801784048D9
:10C4B000FFF782F903203D49087035E03B480078DA
:10C4C000032808D13D4801783948FFF775F9042061
:10C4D0003649087028E035480078042808D13848E3
:10C4E00001783348FFF768F90520304908701BE0F0
:10C4F0002E480078052808D1324801782C48FFF7EB
:10C500005BF90620294908700EE0284800780628C3
:10C5100007D1FF212648FFF74FF900202349087073
:10C5200002E000202149087070BD70B52DED048B2C
:10C5300005460C46204600F0E4F941EC190B9FED4E
:10C54000230B53EC102B00F06AF941EC180B00F0B0
:10C55000E9F900B21F490880284600F0D2F941EC01
:10C56000190B9FED1A0B53EC102B00F058F941EC0E
:10C57000180B00F0D7F900B217492FE0EC010020AA
:10C5800090120020E8010020EA010020C8010020EC
:10C59000D4010020581200203333B33FCDCC4C3FA0
:10C5A000741200206666663F9A99193FED010020DB
:10C5B00000440040200A0020DA010020DB010020B6
:10C5C000DC010020DD01002056000020333333332E
:10C5D0003333D33FD6010020D801002008803948EA
:10C5E000B0F900001E2802DD1E20364908803548BB
:10C5F000B0F9000010F11E0F03DA6FF01D00314991
:10C6000008803148B0F900001E2802DD1E202E49A6
:10C6100008802D48B0F9000010F11E0F03DA6FF00A
:10C620001D0029490880BDEC048B70BD70B5034620
:10C6300000201CB2254D6C802C462180B4F90040AE
:10C64000B5F90250641B214D2C612C4624696D699B
:10C65000641B00EE104AB8EEC00A1C4CD4ED010A6F
:10C6600020EE200A94ED021AD4ED040AF8EEE00A56
:10C6700001EE200A2469154D6D69022606FB15445A
:10C68000124DAD692C4400EE904AF8EEE00A0F4CD2
:10C6900094ED031A01EE200ABDEEC00A10EE104A16
:10C6A00020B20A4C6469094DAC612C4624696C6166
:10C6B000904201DD10B204E05442A04201DA54423B
:10C6C00020B270BDD6010020D801002074120020D5
:10C6D0002DE9FE4F804681EA0300C00F0C46009012
:10C6E00021F0004123F00045B8EB0200A94105D23A
:10C6F0004046214690461C460B46024623F0004029
:10C70000104347D0270DC7F30A00C3F30A51029024
:10C71000401A019040286BDAC3F3130040F4801BE9
:10C720000098924620B10023D2EB030A63EB0B0B77
:10C7300001985946C0F14002504600F05FF90646A4
:10C740000D4650465946019A00F077F910EB080063
:10C750006141002487EA115284EAE7731A4340D00A
:10C76000009A62B3019A012A4FEA075215DC001BB6
:10C7700061EB02014FF0004202EA0752CDE90042AC
:10C78000001C41F5801132462B4600F0AEF903B093
:10C79000BDE8F08F40462146F9E7001B61EB02013E
:10C7A000001C41F5801300185B412018A2F500170A
:10C7B00047EB030140EAD570B6196D4111E06D08F1
:10C7C0004FEA360645EAC0754FEA0752001B61EB97
:10C7D0000201001C41F5801149084FEA30000019A0
:10C7E000514132462B4603B0BDE8F04F00F06EB920
:10C7F0000098012240000023D0EB020263EBE073BB
:10C80000009821464FEAE074B8EB000061EB0401A8
:10C81000E9E783F000435BE781F0004158E72DE949
:10C82000FE4F81EA030404F0004421F0004100942B
:10C830004FF0000B23F0004350EA01045ED052EAAF
:10C8400003045BD0C3F30A54C1F30A552C44A4F289
:10C85000F3340194A0FB0254C1F3130141F480119D
:10C86000C3F3130343F4801301FB024400FB034EA4
:10C87000840A970A44EA815447EA8357A4FB07686D
:10C8800002958D0A05FB07854FEA932C04FB0C5497
:10C890002705029D4FEA065847EA1637B5EB08050B
:10C8A0006EEB070C870E920E47EA811742EA83125D
:10C8B000A7FB0201B6EB0B0164EB00042B0D43EA6E
:10C8C0000C335E1844EB1C50DA465146E7FB02017C
:10C8D000C5F313044FEA0B3343EA14534FEA04320F
:10C8E000019C43EA0603A4F10C040294009CCDE9E8
:10C8F00000B400F0FAF803B0BDE8F08F0020014664
:10C90000F9E70EB5C10F80EAE0700844CA070021BC
:10C9100040F233438DE80E000A460B4600F0E5F87E
:10C9200003B000BD70B5C1F30A5201F00045002408
:10C93000C1F3130140F2FF3341F480119A4201DA4E
:10C94000002070BD40F233439A42A2F2334203DC2E
:10C95000524200F062F800E090402C43F1D0404297
:10C9600070BD000030B5041E71F1000404DB4FF00F
:10C970000044404264EB0101141E73F1000405DB26
:10C980001C464FF00043524263EB04038B4208BF46
:10C99000824230BD30B5041E71F1000404DB4FF05B
:10C9A0000044404264EB0101141E73F1000405DBF6
:10C9B0001C464FF00043524263EB0403994208BF08
:10C9C000904230BD01F0004330B421F0004150EA04
:10C9D000010206D00A0DA2F56072C1F31301002A0C
:10C9E00002DC30BC00207047440F44EAC104C1009F
:10C9F000E01830BC00EBC25000F031B8202A04DB54
:10CA0000203A00FA02F1002070479140C2F1200361
:10CA100020FA03F3194390407047202A04DB203AA0
:10CA200021FA02F00021704721FA02F3D040C2F14E
:10CA300020029140084319467047202A06DBCB1795
:10CA4000203A41FA02F043EAE07306E041FA02F3C9
:10CA5000D040C2F120029140084319467047002996
:10CA6000A8BF7047401C490008BF20F00100704774
:10CA700010B4B0FA80FC00FA0CF050EA010404BFD4
:10CA800010BC704749B1CCF1200421FA04F411FA2A
:10CA90000CF118BF012121430843A3EB0C01CB1D6E
:10CAA0004FEA00614FEA102042BF002010BC7047DF
:10CAB00000EBC35010440029A4BF10BC7047401CB9
:10CAC000490008BF20F0010010BC704710B5141ECB
:10CAD00073F1000408DA401C41F1000192185B4137
:10CAE0001A4301D120F0010010BD2DE9F04D92460E
:10CAF0009B4611B1B1FA81F202E0B0FA80F2203225
:10CB00009046FFF77BFF04460F4640EA0A0041EAE1
:10CB10000B0153465A46084313D0114653EA01000D
:10CB200019D0C8F140025046FFF777FF05460E4680
:10CB3000504659464246FFF761FF084305D00120A1
:10CB400004E020463946BDE8F08D0020054346EA62
:10CB5000E0762C4337430A986305E40AA0EB08000B
:10CB60000022FD0A44EA47540A3002D5002001465B
:10CB7000E9E7010510196941DDE908450019694136
:10CB8000BDE8F04DA2E70000064C074D06E0E06866
:10CB900040F0010394E8070098471034AC42F6D304
:10CBA000F3F7F6FAB8D20008D8D2000870B58C189E
:10CBB00010F8015B15F0070301D110F8013B2A11B1
:10CBC00006D110F8012B03E010F8016B01F8016B9E
:10CBD0005B1EF9D12B0705D40023521E0DD401F89A
:10CBE000013BFAE710F8013BCB1A921C03E013F863
:10CBF000015B01F8015B521EF9D5A142D8D3002098
:10CC000070BD02E008C8121F08C1002AFAD170479F
:10CC10007047002001E001C1121F002AFBD17047BC
:10CC2000000000005680803BD37F003C77BE403C34
:10CC3000CF7D803C5B9BA03CA6B7C03C6ED2E03C65
:10CC4000B775003D3581103D918B203DAB94303D53
:10CC5000609C403D92A2503D25A7603DF1A9703DEA
:10CC60006F55803DE354883D4753903D8C50983D2F
:10CC70009F4CA03D7247A83DF740B03D1B39B83DE1
:10CC8000D22FC03D0C25C83DB218D03DC60AD83DB4
:10CC90002DFBDF3DD9E9E73DB0D6EF3DBEC1F73D05
:10CCA000DBAAFF3D04C9033E95BB073E20AD0B3E0A
:10CCB000979D0F3EF58C133E397B173E56681B3E01
:10CCC0003E541F3EF83E233E7728273EB4102B3EAD
:10CCD000A1F72E3E45DD323E93C1363E7DA43A3E5D
:10CCE0000A863E3E2766423ED844463E12224A3ECF
:10CCF000C7FD4D3EFED7513EAFB0553EC687593EAB
:10CD00004B5D5D3E3731613E7C03653E1AD4683E23
:10CD10000AA36C3E4770703EC83B743E8805783E5F
:10CD200086CD7B3EB5937F3E0EAC813E538D833ED8
:10CD3000AE6D853E164D873E8D2B893E0F098B3E8D
:10CD400099E58C3E2BC18E3EC19B903E5475923E20
:10CD5000E94D943E7B25963E07FC973E8BD1993E4C
:10CD600002A69B3E6F799D3ECD4B9F3E1C1DA13E72
:10CD700057EDA23E7FBCA43E8D8AA63E8457A83EB6
:10CD80006223AA3E23EEAB3EC2B7AD3E4580AF3E26
:10CD9000A447B13EE20DB33EF9D2B43EE996B63EA9
:10CDA000B159B83E4F1BBA3EC2DBBB3E079BBD3EEE
:10CDB0001E59BF3E0416C13EBCD1C23E3F8CC43E8C
:10CDC0008E45C63EA4FDC73E89B4C93E336ACB3EFC
:10CDD000A41ECD3EDAD1CE3ED583D03E9434D23E91
:10CDE00018E4D33E5A92D53E603FD73E21EBD83E61
:10CDF000A395DA3EE33EDC3EE1E6DD3E9A8DDF3E82
:10CE00000D33E13E3AD7E23E227AE43EC51BE63ED0
:10CE10001BBCE73E2F5BE93EF7F8EA3E7695EC3E19
:10CE2000A930EE3E93CAEF3E3563F13E86FAF23EFC
:10CE30008F90F43E4925F63EB9B8F73EDA4AF93EFE
:10CE4000AFDBFA3E386BFC3E71F9FD3E5A86FF3E81
:10CE5000FC88003F234E013FA212023F7BD6023FD7
:10CE6000AC99033F365C043F171E053F51DF053F79
:10CE7000E39F063FCE5F073F121F083FADDD083F2F
:10CE8000A29B093FEF580A3F94150B3F93D10B3FEC
:10CE9000E98C0C3F9A470D3FA2010E3F03BB0E3FAA
:10CEA000BF730F3FD32B103F41E3103F089A113F50
:10CEB0002A50123FA405133F79BA133FA86E143FBE
:10CEC0003322153F18D5153F5787163FF138173FC6
:10CED000E7E9173F389A183FE749193FEFF8193F3C
:10CEE00055A71A3F18551B3F37021C3FB3AE1C3FD6
:10CEF0008E5A1D3FC4051E3F5AB01E3F4E5A1F3F5B
:10CF0000A103203F52AC203F6354213FD3FB213F7C
:10CF1000A4A2223FD548233F67EE233F5A93243FE4
:10CF2000AD37253F63DB253F7A7E263FF420273F40
:10CF3000D2C2273F1364283FB704293FBFA4293F2B
:10CF40002C442A3FFEE22A3F33812B3FD11E2C3F47
:10CF5000D2BB2C3F3C582D3F0CF42D3F438F2E3F2E
:10CF6000E1292F3FE9C32F3F595D303F33F6303F72
:10CF7000758E313F2126323F39BD323FBB53333F9F
:10CF8000A9E9333F027F343FC713353FF9A7353F47
:10CF9000993B363FA6CE363F2161373F0BF3373FF3
:10CFA0006484383F2E15393F65A5393F0F353A3F28
:10CFB0002AC43A3FB4523B3FB3E03B3F226E3C3F72
:10CFC00006FB3C3F5D873D3F26133E3F679E3E3F4D
:10CFD0001A293F3F44B33F3FE43C403FF9C5403F3F
:10CFE000864E413F89D6413F065E423FFAE4423FCA
:10CFF000676B433F4FF1433FB076443F8CFB443F68
:10D00000E27F453FB403463F0187463FCB09473F98
:10D01000138C473FD70D483F198F483FDD0F493FDD
:10D02000DD0F493F2E2E5C447269766572734D6345
:10D03000755C53544D3332463430375C4C69627200
:10D0400061726965735C53544D3332463478785F4E
:10D050005374645065726970685F44726976657272
:10D060005C7372635C6D6973632E63002E2E5C4487
:10D070007269766572734D63755C53544D333246F5
:10D080003430375C4C69627261726965735C535409
:10D090004D3332463478785F5374645065726970EA
:10D0A000685F4472697665725C7372635C73746DF9
:10D0B0003332663478785F6164632E630000000069
:10D0C0002E2E5C447269766572734D63755C5354A1
:10D0D0004D3332463430375C4C6962726172696537
:10D0E000735C53544D3332463478785F53746450D4
:10D0F00065726970685F4472697665725C737263A9
:10D100005C73746D3332663478785F646D612E635E
:10D11000000000002E2E5C447269766572734D63C8
:10D12000755C53544D3332463430375C4C6962720F
:10D1300061726965735C53544D3332463478785F5D
:10D140005374645065726970685F44726976657281
:10D150005C7372635C73746D3332663478785F65C8
:10D160007874692E630000002E2E5C447269766527
:10D1700072734D63755C53544D3332463430375CB3
:10D180004C69627261726965735C53544D33324607
:10D190003478785F5374645065726970685F447264
:10D1A000697665725C7372635C73746D3332663476
:10D1B00078785F6770696F2E630000002E2E5C44E4
:10D1C0007269766572734D63755C53544D333246A4
:10D1D0003430375C4C69627261726965735C5354B8
:10D1E0004D3332463478785F537464506572697099
:10D1F000685F4472697665725C7372635C73746DA8
:10D200003332663478785F7263632E630000000007
:10D210002E2E5C447269766572734D63755C53544F
:10D220004D3332463430375C4C69627261726965E5
:10D23000735C53544D3332463478785F5374645082
:10D2400065726970685F4472697665725C73726357
:10D250005C73746D3332663478785F74696D2E63F5
:10D26000000000002E2E5C447269766572734D6377
:10D27000755C53544D3332463430375C4C696272BE
:10D2800061726965735C53544D3332463478785F0C
:10D290005374645065726970685F44726976657230
:10D2A0005C7372635C73746D3332663478785F7567
:10D2B000736172742E630000D8D200080000002051
:10D2C000F0010000ACCB000888D30008F00100207A
:10D2D000B01A000012CC000813B5016408E8031A64
:10D2E000B70C63F4011AB90C72C81ABB0C72641A39
:10D2F000BD0C72321AC50C72141AC70CB2021A0194
:10D3000048594B016316B5620608061A6472120189
:10D310004B7A120E3AC80E1BDE6A0E130714144025
:10D320000D031BA0861219955A34F01BD1CA1C118B
:10D330003A14A833D0082AC23249B61BB8421C534B
:10D34000090D63FFFF1C031DAB151301031301023D
:10D350005B0D460B12065B114E0B12125B1D660B2A
:10D3600012215B2C840B12045B0F4A0B053407015E
:10D370001351847A030A68090102030406070809A5
:08D380000CA910021A8C824076
:040000050800018965
:00000001FF
